 cs, lang, valid, onsale, homepage, mailist, special, txt_title, txt_summary, rdate, stock, hide_stock_end, catalog_num, site_price, club_price, pricelist_price, buy_price, cash_price, delivery_price, vat_included, profit_percent, supply_days, payments, txt_warranty, txt_model, sale_type, product_type, delivery_points, supplier_id
3, heb,1,0,1,0,0, ערכת יצירה גן פיות בקופסה, ,2023-01-06 16:42:59,0,0,2006,149,0,0,0,0,0,1,0,0,0, , , normal,0,1,0
5, heb,1,0,0,0,4, מארז מפתח קסמים 10 יח, גודל מיניאטורי כ- 2.5 סמ,2023-01-06 16:55:47,0,0,533,19.9,0,0,0,0,0,1,0,0,0, , , normal,0,1,0
7, heb,1,0,0,0,1, מארז שרביט קסמים 10 יח, גודל מיניאטורי כ- 4 סמ,2023-01-06 16:55:47,0,0,532,19.9,0,0,0,0,0,1,0,0,0, , , normal,0,1,0
9, heb,0,0,0,0,1, ספרון משאלות 4 יח', ,2023-01-06 16:55:47,0,0,803,9.9,0,0,0,0,0,1,0,0,0, , , normal,0,1,0
11, heb,1,0,0,0,0, פטריות יער לעציץ 10 יחידות, ,2023-01-06 16:55:47,200,0,1411,5.9,0,0,0,0,0,1,0,0,0, , , normal,0,1,0
13, heb,1,0,0,0,0, מפתח קסמים כסוף, ,2023-01-06 16:55:47,0,0,519,2.5,0,0,0,0,0,1,0,0,0, , , normal,0,1,0
15, heb,1,0,0,0,0, מפתח קסמים ברונזה, ,2023-01-06 16:55:47,0,0,518,2.5,0,0,0,0,0,1,0,0,0, , , normal,0,1,0
17, heb,1,0,0,0,0, שרביט קסמים כסוף, ,2023-01-06 16:55:47,0,0,517,2.5,0,0,0,0,0,1,0,0,0, , , normal,0,1,0
19, heb,1,0,0,0,0, שרביט קסם ברונזה, גודל מיניאטורי כ- 4 סמ,2023-01-06 16:55:47,0,0,516,2.5,0,0,0,0,0,1,0,0,0, , , normal,0,1,0
21, heb,1,0,0,0,0, פטריות יער מארז 10 יח', ,2023-01-06 16:55:47,0,0,1410,5.9,0,0,0,0,0,1,0,0,0, , , normal,0,1,0
23, heb,0,0,0,0,0, פטריית יער קטנה , ,2023-01-06 16:55:47,0,1,1409,1.9,0,0,0,0,0,1,0,0,0, , , normal,0,1,0
25, heb,0,0,0,0,1, בית פטריות , ,2023-01-06 16:55:47,0,1,1503,1.9,0,0,0,0,0,1,0,0,0, , , normal,0,1,0
27, heb,1,0,0,0,0, פייה ורודה, ,2023-02-01 15:47:42,0,0,750,19.9,0,0,0,0,0,1,0,0,0, , , normal,0,1,0
29, heb,1,0,0,0,0, פייה כתומה לעציץ, ,2023-02-01 15:47:42,0,0,755,19.9,0,0,0,0,0,1,0,0,0, , , normal,0,1,0
31, heb,1,0,0,0,0, פייה בטורקיז  , ,2023-02-01 15:47:42,0,0,756,19.9,0,0,0,0,0,1,0,0,0, , , normal,0,1,0
33, heb,1,0,0,0,0, פייה לבנה , ,2023-02-01 15:47:42,0,0,752,19.9,0,0,0,0,0,1,0,0,0, , , normal,0,1,0
35, heb,1,0,0,0,0, פייה לבנה לעציץ, ,2023-02-01 15:47:42,0,0,753,19.9,0,0,0,0,0,1,0,0,0, , , normal,0,1,0
37, heb,1,0,0,0,0, פייה מנופפת לשלום, ,2023-02-01 15:47:42,0,0,758,19.9,0,0,0,0,0,1,0,0,0, , , normal,0,1,0
39, heb,1,0,0,0,0, פייה מנופפת לשלום לעציץ, ,2023-02-01 15:47:42,0,0,759,19.9,0,0,0,0,0,1,0,0,0, , , normal,0,1,0
41, heb,1,0,0,0,0, פייה בטורקיז לעציץ, ,2023-02-01 15:47:42,0,0,757,19.9,0,0,0,0,0,1,0,0,0, , , normal,0,1,0
43, heb,1,0,0,0,0, פייה סגולה עומדת לעציץ, ,2023-02-01 15:47:42,0,0,761,19.9,0,0,0,0,0,1,0,0,0, , , normal,0,1,0
45, heb,1,0,0,0,0, פייה סגולה עומדת, ,2023-02-01 15:47:42,0,0,760,19.9,0,0,0,0,0,1,0,0,0, , , normal,0,1,0
47, heb,1,0,0,0,0, פייה כתומה, ,2023-02-01 15:47:42,0,0,754,19.9,0,0,0,0,0,1,0,0,0, , , normal,0,1,0
49, heb,1,0,0,0,0, פייה ורודה לעציץ, ,2023-02-01 15:47:42,0,0,751,19.9,0,0,0,0,0,1,0,0,0, , , normal,0,1,0
51, heb,1,0,0,0,0, גמד ובידו משפך, ,2023-02-01 16:44:45,71,0,1106,9.9,0,0,0,0,0,1,0,0,0, , , normal,0,1,0
53, heb,1,0,0,0,0, גמד הגנן, ,2023-02-01 16:44:45,71,0,1103,9.9,0,0,0,0,0,1,0,0,0, , , normal,0,1,0
55, heb,1,0,0,0,0, גמד עם תרמיל פרחים, ,2023-02-01 16:44:45,71,0,1105,9.9,0,0,0,0,0,1,0,0,0, , , normal,0,1,0
57, heb,1,0,0,0,0, גדר עץ צבעים שונים בחר צבע, ,2023-02-05 08:51:20,1000,0,1237,3.5,0,0,0,0,0,1,0,0,0, , , normal,0,1,0
59, heb,1,0,0,0,0, שלט מעץ לגן בחר צבע, ,2023-02-05 09:27:11,1000,0,1236,2.9,0,0,0,0,0,1,0,0,0, , , normal,0,1,0
61, heb,1,0,0,0,0, ביצי קלקר בשלל צבעים 3 יח, ,2023-02-05 09:36:34,0,0,117,3.9,0,0,0,0,0,1,0,0,0, , , normal,0,1,0
63, heb,1,0,0,0,0, פרחי משי פריחת הדובדבן 6 יח, ,2023-02-05 09:43:21,0,0,1407,3.9,0,0,0,0,0,1,0,0,0, , , normal,0,1,0
67, heb,1,0,0,0,0, אבנים צבעוניות 50 גרם, ,2023-02-05 16:46:16,0,0,1415,3.9,0,0,0,0,0,1,0,0,0, , , normal,0,1,0
69, heb,1,0,0,0,0, אבנים טבעיות 50 גרם, ,2023-02-05 16:50:12,0,0,1414,3.9,0,0,0,0,0,1,0,0,0, , , normal,0,1,0
71, heb,1,0,0,0,0, 10 חיפושיות אדומות, ,2023-02-05 16:52:24,200,0,100,3.9,0,0,0,0,0,1,0,0,0, , , normal,0,1,0
73, heb,1,0,0,0,0, 10 דבורים קטנות, ,2023-02-05 16:56:30,0,0,116,4.9,0,0,0,0,0,1,0,0,0, , , normal,0,1,0
75, heb,1,0,0,0,0, אופניים מיניאטוריים 2 יחידות, ,2023-02-05 17:00:13,0,0,1405,4.9,0,0,0,0,0,1,0,0,0, , , normal,0,1,0
77, heb,1,0,0,0,5, קיפוד יער שחור 2 יחידות, ,2023-02-05 17:04:18,150,0,104,4.9,0,0,0,0,0,1,0,0,0, , , normal,0,1,0
83, heb,1,0,0,0,0,  קיפוד יער קסום 2 יח', ,2023-02-07 11:34:46,8,1,113,6.9,0,0,0,0,0,1,0,0,0, , , normal,0,1,0
85, heb,0,0,0,0,8, סנאי קטנטן קסום 1 יח, ,2023-02-07 11:53:22,0,1,115,4.9,0,0,0,0,0,1,0,0,0, , , normal,0,1,0
87, heb,1,0,10,0,0, ערכת יצירה עששית יער פיות, ,2023-02-07 12:01:07,0,0,2004,59,0,0,0,0,0,1,0,0,0, , , normal,0,1,0
91, heb,1,0,0,0,0, בדיקה CHILD 1, , 0000-00-00 00:00:00,0,0,777777771,51,0,0,0,0,0,0,0,0,0, , , ,0,0,0
93, heb,1,0,0,0,0, בדיקה CHILD 2, , 0000-00-00 00:00:00,0,0,777777772,52,0,0,0,0,0,0,0,0,0, , , ,0,0,0
95, heb,1,0,0,0,0, בדיקה CHILD 3, , 0000-00-00 00:00:00,0,0,777777773,53,0,0,0,0,0,0,0,0,0, , , ,0,0,0
97, heb,1,0,0,0,0, ללא תמונה4, , 0000-00-00 00:00:00,0,0,777777774,54,0,0,0,0,0,0,0,0,0, , , ,0,0,0
99, heb,1,0,0,0,0, ללא מחיר5, , 0000-00-00 00:00:00,0,0,777777775,0,0,0,0,0,0,0,0,0,0, , , ,0,0,0
101, heb,1,0,0,0,0, דלעת מהאגדות, ,2023-02-22 07:22:31,0,0,1000,4.9,0,0,0,0,0,1,0,0,0, , , normal,0,1,0
103, heb,1,0,0,0,0, דלעת ירוקה , ,2023-02-22 07:22:31,0,0,1001,4.9,0,0,0,0,0,1,0,0,0, , , normal,0,1,0
105, heb,1,0,0,0,0, תפוחים אדומים  מיניאטורי, ,2023-02-22 07:42:42,0,0,1004,4.9,0,0,0,0,0,1,0,0,0, , , normal,0,1,0
107, heb,1,0,0,0,0, רימונים קטנים  מיניאטורי, ,2023-02-22 07:52:02,0,0,1002,4.9,0,0,0,0,0,1,0,0,0, , , normal,0,1,0
109, heb,1,0,0,0,0, סלסלת קש חומה מיניאטורית לפטריות פירות ופרחים, גודל מיניאטורי כ- 6*3 סמ,2023-02-22 07:54:22,0,0,1400,7.9,0,0,0,0,0,1,0,0,0, , , normal,0,1,0
111, heb,0,0,0,0,0, ספסל מיניאטורי חסר במלאי, ,2023-02-22 08:02:54,0,1,1300,4.9,0,0,0,0,0,1,0,0,0, , , normal,0,1,0
113, heb,1,0,0,0,0, פעמון אדום, , 0000-00-00 00:00:00,0,0, ,1.5,0,0,0,0,0,0,0,0,0, , , ,0,0,0
115, heb,1,0,0,0,0, פעמון ירוק, , 0000-00-00 00:00:00,0,0, ,1.5,0,0,0,0,0,0,0,0,0, , , ,0,0,0
117, heb,1,0,0,0,0, פעמון כחול, , 0000-00-00 00:00:00,0,0, ,1.5,0,0,0,0,0,0,0,0,0, , , ,0,0,0
119, heb,1,0,0,0,0, פעמון תכלת, , 0000-00-00 00:00:00,0,0, ,1.5,0,0,0,0,0,0,0,0,0, , , ,0,0,0
121, heb,1,0,0,0,0, פעמון ורוד בהיר, , 0000-00-00 00:00:00,0,0, ,1.5,0,0,0,0,0,0,0,0,0, , , ,0,0,0
123, heb,1,0,0,0,0, פעמון ורוד כהה, , 0000-00-00 00:00:00,0,0, ,1.5,0,0,0,0,0,0,0,0,0, , , ,0,0,0
125, heb,1,0,0,0,0, פעמון סגול, , 0000-00-00 00:00:00,0,0, ,1.5,0,0,0,0,0,0,0,0,0, , , ,0,0,0
127, heb,1,0,0,0,0, פעמון כסוף, , 0000-00-00 00:00:00,0,0, ,1.5,0,0,0,0,0,0,0,0,0, , , ,0,0,0
129, heb,1,0,0,0,0, פעמון מוזהב, , 0000-00-00 00:00:00,0,0, ,1.5,0,0,0,0,0,0,0,0,0, , , ,0,0,0
131, heb,1,0,0,0,0, פעמון צהוב, , 0000-00-00 00:00:00,0,0, ,1.5,0,0,0,0,0,0,0,0,0, , , ,0,0,0
135, heb,1,0,0,0,0, ביצים ורודות, , 0000-00-00 00:00:00,0,0,117,3.9,0,0,0,0,0,0,0,0,0, , , ,0,0,0
137, heb,1,0,0,0,0, ביצים סגולות, , 0000-00-00 00:00:00,0,0,118,3.9,0,0,0,0,0,0,0,0,0, , , ,0,0,0
139, heb,1,0,0,0,0, ביצים לבנות, , 0000-00-00 00:00:00,0,0,119,3.9,0,0,0,0,0,0,0,0,0, , , ,0,0,0
141, heb,1,0,0,0,0, ביצים תכלת, , 0000-00-00 00:00:00,0,0,120,3.9,0,0,0,0,0,0,0,0,0, , , ,0,0,0
143, heb,1,0,0,0,0, ביצים כתום חום, , 0000-00-00 00:00:00,0,0,121,3.9,0,0,0,0,0,0,0,0,0, , , ,0,0,0
145, heb,1,0,0,0,0, שלט לגן אדום, , 0000-00-00 00:00:00,0,0,1200,2.5,0,0,0,0,0,0,0,0,0, , , ,0,0,0
147, heb,1,0,0,0,0, שלט לגן ורוד, , 0000-00-00 00:00:00,0,0,1201,2.5,0,0,0,0,0,0,0,0,0, , , ,0,0,0
149, heb,1,0,0,0,0, שלט לגן תכלת, , 0000-00-00 00:00:00,0,0,1202,2.5,0,0,0,0,0,0,0,0,0, , , ,0,0,0
151, heb,1,0,0,0,0, שלט לגן כחול, , 0000-00-00 00:00:00,0,0,1203,2.5,0,0,0,0,0,0,0,0,0, , , ,0,0,0
153, heb,1,0,0,0,0, שלט לגן סגול, , 0000-00-00 00:00:00,0,0,1204,2.5,0,0,0,0,0,0,0,0,0, , , ,0,0,0
155, heb,1,0,0,0,0, שלט לגן לבן, , 0000-00-00 00:00:00,0,0,1205,2.5,0,0,0,0,0,0,0,0,0, , , ,0,0,0
157, heb,1,0,0,0,0, שלט לגן צהוב, , 0000-00-00 00:00:00,0,0,1206,2.5,0,0,0,0,0,0,0,0,0, , , ,0,0,0
159, heb,1,0,0,0,0, שלט לגן כתום, , 0000-00-00 00:00:00,0,0,1207,2.5,0,0,0,0,0,0,0,0,0, , , ,0,0,0
161, heb,1,0,0,0,0, שלט לגן חום, , 0000-00-00 00:00:00,0,0,1208,2.5,0,0,0,0,0,0,0,0,0, , , ,0,0,0
163, heb,1,0,0,0,0, 10 חיפושיות ורודות, אזל המלאי,2023-02-26 10:18:51,0,1,102,4.9,0,0,0,0,0,1,0,0,0, , , normal,0,1,0
165, heb,1,0,0,0,0, זוג ארנבונים עם אזניים ורודות, ,2023-02-26 10:46:49,0,1,114,5.9,0,0,0,0,0,1,0,0,0, , , normal,0,1,0
167, heb,1,0,0,0,6, בית פטריות עם גינה, ,2023-02-26 10:59:22,0,0,1502,4.9,0,0,0,0,0,1,0,0,0, , , normal,0,1,0
169, heb,1,0,0,0,0, בית פטריות מרובע, ,2023-02-26 11:03:05,0,0,1501,4.9,0,0,0,0,0,1,0,0,0, , , normal,0,1,0
171, heb,1,0,0,0,0, בית פטריה עם כלבלב, ,2023-02-26 11:04:39,0,0,1500,4.9,0,0,0,0,0,1,0,0,0, , , normal,0,1,0
173, heb,1,0,0,0,0, מארז 3 ציפורים קטנות, ,2023-02-26 11:05:58,0,0,110,4.9,0,0,0,0,0,1,0,0,0, , , normal,0,1,0
175, heb,1,0,0,0,0, ערכת יצירה טרריום גמדים, ,2023-02-26 11:18:13,0,0,2003,59,0,0,0,0,0,1,0,0,0, , , normal,0,1,0
177, heb,1,0,0,0,0, ערכת יצירה טרריום פיות, ,2023-02-26 11:18:13,0,0,2002,59,0,0,0,0,0,1,0,0,0, , , normal,0,1,0
179, heb,1,0,0,0,0, ערכת יצירה טרריום קסום, ,2023-02-26 11:18:13,0,0,2001,59,0,0,0,0,0,1,0,0,0, , , normal,0,1,0
181, heb,1,0,0,0,0, ערכת יצירה טרריום פיית קאפקייק, ,2023-02-26 11:18:13,0,0,2000,59,0,0,0,0,0,1,0,0,0, , , normal,0,1,0
185, heb,1,0,0,0,0, מארז 2 יחידות , , 0000-00-00 00:00:00,0,0, ,100,0,0,0,0,0,0,0,0,0, , , ,0,0,0
187, heb,1,0,0,0,0, מארז 10 יחידות , , 0000-00-00 00:00:00,0,0, ,200,0,0,0,0,0,0,0,0,0, , , ,0,0,0
197, heb,1,0,0,0,0, מארז 10 פעמונים, , 0000-00-00 00:00:00,0,0, ,10,0,0,0,0,0,0,0,0,0, , , ,0,0,0
199, heb,1,0,0,0,0," 4 ספרונים קסומים בסגנון עתיק כ 2 ס""מ"," אביזרים לבית בובות, מיניאטורות לבית בובות, יצירה מיניאטורית",2023-04-21 10:03:58,0,1,802,9.9,0,0,0,0,0,1,0,0,0, , , normal,0,1,0
201, heb,1,0,0,0,0," 4 ספרונים קסומים דוגמת מעוינים כ 2 ס""מ", נותר מארז 1,2023-04-21 10:03:58,0,1,801,9.9,0,0,0,0,0,1,0,0,0, , , normal,0,1,0
203, heb,1,0,0,0,0," ספרונים קסומים פרחונים מיניאטורים כ 2 ס""מ"," אביזרים לבית בובות, מיניאטורות לבית בובות, יצירה מיניאטורית",2023-04-21 10:03:58,0,0,800,9.9,0,0,0,0,0,1,0,0,0, , , normal,0,1,0
205, heb,1,0,0,0,0, קן גוזלים, נותרו 2 במלאי,2023-04-21 10:49:59,2,1,109,3.5,0,0,0,0,0,1,0,0,0, , , normal,0,1,0
207, heb,1,0,0,0,0, שבלול מתוק, ,2023-04-21 10:58:04,3,1,108,3.5,0,0,0,0,0,1,0,0,0, , , normal,0,1,0
209, heb,1,0,0,0,0, אוגרים קטנטנים מארז 5 יח', ,2023-04-21 11:26:29,0,1,107,11.9,0,0,0,0,0,1,0,0,0, , , normal,0,1,0
211, heb,1,0,0,0,0, מנעולים מיניאטורים מארז 3 יחידות," אביזרים לבית בובות, מיניאטורות לבית בובות, יצירה מיניאטורית",2023-04-21 11:34:45,0,0,510,3.9,0,0,0,0,0,1,0,0,0, , , normal,0,1,0
213, heb,1,0,0,0,0, מנעול לב מיניאטורי ברונזה מארז 3 יח'," אביזרים לבית בובות, מיניאטורות לבית בובות, יצירה מיניאטורית",2023-04-21 11:34:45,0,0,509,5.9,0,0,0,0,0,1,0,0,0, , , normal,0,1,0
215, heb,1,0,0,0,0, שעון כיס מיניאטורי ברונזה 2 יח'," אביזרים לבית בובות, מיניאטורות לבית בובות, יצירה מיניאטורית",2023-04-21 11:48:52,0,0,508,4.9,0,0,0,0,0,1,0,0,0, , , normal,0,1,0
217, heb,1,0,0,0,0, שעון מעורר כסוף מארז 10 יח," אביזרים לבית בובות, מיניאטורות לבית בובות, יצירה מיניאטורית",2023-04-21 11:48:52,0,0,513,9.9,0,0,0,0,0,1,0,0,0, , , normal,0,1,0
219, heb,1,0,0,0,10, מפתח קסמים ברונזה גדול, גודל מיניאטורי כ- 5 סמ,2023-04-21 11:56:51,0,0,506,4.9,0,0,0,0,0,1,0,0,0, , , normal,0,1,0
221, heb,1,0,0,0,0, כלוב ציפורים מוזהב," אביזרים לבית בובות, מיניאטורות לבית בובות, יצירה מיניאטורית",2023-04-21 12:05:17,0,0,505,3.9,0,0,0,0,0,1,0,0,0, , , normal,0,1,0
223, heb,1,0,0,0,0, ידית עגולה לדלת מארז 3 ידיות," אביזרים לבית בובות, מיניאטורות לבית בובות, יצירה מיניאטורית",2023-04-21 12:10:33,0,1,504,9.9,0,0,0,0,0,1,0,0,0, , , normal,0,1,0
225, heb,1,0,0,0,0, ספל וקומקום מיניאטורי גוון ברונזה עתיק," אביזרים לבית בובות, מיניאטורות לבית בובות, יצירה מיניאטורית",2023-04-21 12:14:51,0,0,502,5.9,0,0,0,0,0,1,0,0,0, , , normal,0,1,0
227, heb,1,0,0,0,0, ספל וקומקום מיניאטורי גוון כסף עתיק," אביזרים לבית בובות, מיניאטורות לבית בובות, יצירה מיניאטורית  ",2023-04-21 12:14:51,0,0,500,5.9,0,0,0,0,0,1,0,0,0, , , normal,0,1,0
229, heb,1,0,0,0,0, ארנבונים קופצניים 4 יחידות, ,2023-04-21 12:49:51,75,0,106,13.9,0,0,0,0,0,1,0,0,0, , , normal,0,1,0
231, heb,1,0,0,0,0, זוג ידיות מוזהבות לדלת," אביזרים לבית בובות, מיניאטורות לבית בובות, יצירה מיניאטורית",2023-04-21 12:10:33,0,0,503,9.9,0,0,0,0,0,1,0,0,0, , , normal,0,1,0
233, heb,1,0,0,0,0, דלת קסמים, ,2023-04-21 13:14:10,0,0,300,5.5,0,0,0,0,0,1,0,0,0, , , normal,0,1,0
235, heb,1,0,0,0,0, דשא קסום 20 גרם, ,2023-04-21 13:20:48,0,0,200,9.9,0,0,0,0,0,1,0,0,0, , , normal,0,1,0
237, heb,1,0,0,0,0, פירות יער אדומים  מיניאטורי, ,2023-02-22 07:42:42,0,1,1003,4.9,0,0,0,0,0,1,0,0,0, , , normal,0,1,0
239, heb,1,0,0,0,0, גמד ובידו סלסילת פרחים, ,2023-02-01 16:44:45,71,0,1104,9.9,0,0,0,0,0,1,0,0,0, , , normal,0,1,0
241, heb,1,0,0,0,0, גמד ובידו שלט, ,2023-02-01 16:44:45,71,0,1101,9.9,0,0,0,0,0,1,0,0,0, , , normal,0,1,0
243, heb,1,0,0,0,0, גמד ובידו את חפירה, ,2023-02-01 16:44:45,71,0,1102,9.9,0,0,0,0,0,1,0,0,0, , , normal,0,1,0
245, heb,1,0,0,0,0, גמד ובידו עששית, ,2023-02-01 16:44:45,71,0,1107,9.9,0,0,0,0,0,1,0,0,0, , , normal,0,1,0
247, heb,0,0,0,0,0, פיית יער סגולה ונצנצים, ,2023-02-01 15:47:42,0,1,609,24.9,0,0,0,0,0,1,0,0,0, , , normal,0,1,0
249, heb,0,0,0,0,0, פיית יער ורודה על הברכיים, ,2023-02-01 15:47:42,0,1,610,24.9,0,0,0,0,0,1,0,0,0, , , normal,0,1,0
251, heb,0,0,0,0,0, פיית יער צבעונית על הברכיים, ,2023-02-01 15:47:42,0,0,611,24.9,0,0,0,0,0,1,0,0,0, , , normal,0,1,0
253, heb,0,0,0,0,0, פיית יער ירוקה צהובה, ,2023-02-01 15:47:42,0,0,612,24.9,0,0,0,0,0,1,0,0,0, , , normal,0,1,0
255, heb,0,0,0,0,0, פיית יער כתומה ונצנצים, ,2023-02-01 15:47:42,0,0,606,24.9,0,0,0,0,0,1,0,0,0, , , normal,0,1,0
257, heb,0,0,0,0,0, פיית יער ירוקה ישובה מזרחית, ,2023-02-01 15:47:42,0,0,602,24.9,0,0,0,0,0,1,0,0,0, , , normal,0,1,0
259, heb,0,0,0,0,0, פיית יער צבעונית, ,2023-02-01 15:47:42,0,1,603,24.9,0,0,0,0,0,1,0,0,0, , , normal,0,1,0
261, heb,0,0,0,0,0, פיית יער בשמלה ירוקה, ,2023-02-01 15:47:42,0,1,604,24.9,0,0,0,0,0,1,0,0,0, , , normal,0,1,0
263, heb,0,0,0,0,0, פיית יער בשמלה צהובה , ,2023-02-01 15:47:42,0,1,605,24.9,0,0,0,0,0,1,0,0,0, , , normal,0,1,0
267, heb,0,0,0,0,14, פיית יער כחולה שכובה על הבטן, ,2023-02-01 15:47:42,0,1,607,24.9,0,0,0,0,0,1,0,0,0, , , normal,0,1,0
269, heb,0,0,0,0,0, פיית יער ורודה שכובה על הבטן, ,2023-02-01 15:47:42,0,1,608,24.9,0,0,0,0,0,1,0,0,0, , , normal,0,1,0
271, heb,1,0,0,0,0, פייה קטנטונת בשמלה ורודה, ,2023-02-01 15:47:42,0,0,703,16.9,0,0,0,0,0,1,0,0,0, , , normal,0,1,0
273, heb,1,0,0,0,0, פייה קטנטונת בשמלה סגולה, ,2023-02-01 15:47:42,0,0,704,16.9,0,0,0,0,0,1,0,0,0, , , normal,0,1,0
275, heb,1,0,0,0,0, פייה קטנטונת פרח כחול ביד, ,2023-02-01 15:47:42,0,0,705,16.9,0,0,0,0,0,1,0,0,0, , , normal,0,1,0
277, heb,1,0,0,0,0, פייה קטנטונת בשמלה כחולה, ,2023-02-01 15:47:42,0,0,706,16.9,0,0,0,0,0,1,0,0,0, , , normal,0,1,0
279, heb,1,0,0,0,0, דשא קסום 50 גרם, ,2023-04-21 13:20:48,0,0,201,14.9,0,0,0,0,0,1,0,0,0, , , normal,0,1,0
281, heb,1,0,0,0,0, פייה קטנטונת מארז 12 יח', ,2023-02-01 15:47:42,0,0,700,159,0,0,0,0,0,1,0,0,0, , , normal,0,1,0
283, heb,1,0,0,0,0, פייה קטנטונת עם ורד ביד,  ,2023-02-01 15:47:42,0,0,701,16.9,0,0,0,0,0,1,0,0,0, , , normal,0,1,0
285, heb,1,0,0,0,0, פייה קטנטונת ורודה,  ,2023-02-01 15:47:42,0,0,702,16.9,0,0,0,0,0,1,0,0,0, , , normal,0,1,0
291, heb,1,0,0,0,0, דלת קסמים מארז 10 דלתות, ,2023-04-21 13:14:10,0,0,301,39.9,0,0,0,0,0,1,0,0,0, , , normal,0,1,0
293, heb,0,0,0,0,0, כלוב ציפורים מוזהב מארז 10 יח," אביזרים לבית בובות, מיניאטורות לבית בובות, יצירה מיניאטורית",2023-04-21 12:05:17,0,0,511,29.9,0,0,0,0,0,1,0,0,0, , , normal,0,1,0
295, heb,1,0,0,0,0, מפתח קסמים ברונזה גדול מארז 10 יח, גודל מיניאטורי כ- 5 סמ,2023-04-21 11:56:51,0,0,512,29.9,0,0,0,0,0,1,0,0,0, , , normal,0,1,0
297, heb,1,0,0,0,0, שעון מעורר כסוף מארז 2 יחידות," אביזרים לבית בובות, מיניאטורות לבית בובות, יצירה מיניאטורית",2023-04-21 11:48:52,0,0,507,3.9,0,0,0,0,0,1,0,0,0, , , normal,0,1,0
299, heb,1,0,0,0,0, מנעול לב מיניאטורי ברונזה מארז 10 יח'," אביזרים לבית בובות, מיניאטורות לבית בובות, יצירה מיניאטורית",2023-04-21 11:34:45,0,0,514,14.9,0,0,0,0,0,1,0,0,0, , , normal,0,1,0
301, heb,1,0,0,0,0, דשא קסום 50 גרם 14.90 שח, , 0000-00-00 00:00:00,0,0,201,14.9,0,0,0,0,0,0,0,0,0, , , ,0,0,0
303, heb,1,0,0,0,0, דשא קסום 20 גרם 9.90 שח, , 0000-00-00 00:00:00,0,0,200,9.9,0,0,0,0,0,0,0,0,0, , , ,0,0,0
305, heb,1,0,0,0,0, דלת קסמים 1 יח', , 0000-00-00 00:00:00,0,0,300,5.5,0,0,0,0,0,0,0,0,0, , , ,0,0,0
307, heb,1,0,0,0,0, דלת קסמים מארז 10 יח', , 0000-00-00 00:00:00,0,0,301,39.9,0,0,0,0,0,0,0,0,0, , , ,0,0,0
309, heb,1,0,0,0,0, כלוב ציפורים 1 יח', , 0000-00-00 00:00:00,0,0,505,3.9,0,0,0,0,0,0,0,0,0, , , ,0,0,0
311, heb,1,0,0,0,0, כלוב ציפורים 10 יח', , 0000-00-00 00:00:00,0,0,511,21.9,0,0,0,0,0,0,0,0,0, , , ,0,0,0
313, heb,1,0,0,0,0, אופניים מיניאטוריים 10 יח', ,2023-02-05 17:00:13,0,0,1406,19.9,0,0,0,0,0,1,0,0,0, , , normal,0,1,0
315, heb,1,0,0,0,0, פרחי משי 20 יחידות, ,2023-02-05 09:43:21,0,0,1408,12.9,0,0,0,0,0,1,0,0,0, , , normal,0,1,0
319, heb,1,0,0,0,0, ביצים ורודות 21 יח, , 0000-00-00 00:00:00,0,0,124,15.9,0,0,0,0,0,0,0,0,0, , , ,0,0,0
321, heb,1,0,0,0,0, ביצים סגולות 21 יח, , 0000-00-00 00:00:00,0,0,125,15.9,0,0,0,0,0,0,0,0,0, , , ,0,0,0
323, heb,1,0,0,0,0, ביצים לבנות 21 יח, , 0000-00-00 00:00:00,0,0,126,15.9,0,0,0,0,0,0,0,0,0, , , ,0,0,0
325, heb,1,0,0,0,0, ביצים תכלת 21 יח, , 0000-00-00 00:00:00,0,0,127,15.9,0,0,0,0,0,0,0,0,0, , , ,0,0,0
327, heb,1,0,0,0,0, ביצים כתום חום 21 יח, , 0000-00-00 00:00:00,0,0,128,15.9,0,0,0,0,0,0,0,0,0, , , ,0,0,0
329, heb,1,0,0,0,0, ביצים ירוק 21 יח, , 0000-00-00 00:00:00,0,0,129,15.9,0,0,0,0,0,0,0,0,0, , , ,0,0,0
331, heb,1,0,0,0,0, ביצים צהוב 21 יח, , 0000-00-00 00:00:00,0,0,130,15.9,0,0,0,0,0,0,0,0,0, , , ,0,0,0
338, heb,1,0,0,0,0, ביצים ירוקות, , 0000-00-00 00:00:00,0,0,122,3.9,0,0,0,0,0,0,0,0,0, , , ,0,0,0
340, heb,1,0,0,0,0, ביצים צהובות, , 0000-00-00 00:00:00,0,0,123,3.9,0,0,0,0,0,0,0,0,0, , , ,0,0,0
344, heb,1,0,0,0,0, שלט לגן אדום, , 0000-00-00 00:00:00,0,0,1200,1.9,0,0,0,0,0,0,0,0,0, , , ,0,0,0
346, heb,1,0,0,0,0, שלט לגן ורוד, , 0000-00-00 00:00:00,0,0,1201,1.9,0,0,0,0,0,0,0,0,0, , , ,0,0,0
348, heb,1,0,0,0,0, שלט לגן תכלת, , 0000-00-00 00:00:00,0,0,1202,1.9,0,0,0,0,0,0,0,0,0, , , ,0,0,0
350, heb,1,0,0,0,0, שלט לגן כחול, , 0000-00-00 00:00:00,0,0,1203,1.9,0,0,0,0,0,0,0,0,0, , , ,0,0,0
352, heb,1,0,0,0,0, שלט לגן סגול, , 0000-00-00 00:00:00,0,0,1204,1.9,0,0,0,0,0,0,0,0,0, , , ,0,0,0
354, heb,1,0,0,0,0, שלט לגן לבן, , 0000-00-00 00:00:00,0,0,1205,1.9,0,0,0,0,0,0,0,0,0, , , ,0,0,0
356, heb,1,0,0,0,0, שלט לגן צהוב, , 0000-00-00 00:00:00,0,0,1206,1.9,0,0,0,0,0,0,0,0,0, , , ,0,0,0
358, heb,1,0,0,0,0, שלט לגן כתום, , 0000-00-00 00:00:00,0,0,1207,1.9,0,0,0,0,0,0,0,0,0, , , ,0,0,0
360, heb,1,0,0,0,0, שלט לגן חום, , 0000-00-00 00:00:00,0,0,1208,1.9,0,0,0,0,0,0,0,0,0, , , ,0,0,0
364, heb,1,0,0,0,0, מארז 2 פטריות, , 0000-00-00 00:00:00,0,0, ,3,0,0,0,0,0,0,0,0,0, , , ,0,0,0
366, heb,1,0,0,0,0, מארז 10 פטריות, , 0000-00-00 00:00:00,0,0, ,5,0,0,0,0,0,0,0,0,0, , , ,0,0,0
374, heb,1,0,0,0,0, גדר ורודה, , 0000-00-00 00:00:00,0,0,1211,3.5,0,0,0,0,0,0,0,0,0, , , ,0,0,0
376, heb,1,0,0,0,0, גדר תכלת, , 0000-00-00 00:00:00,0,0,1212,3.5,0,0,0,0,0,0,0,0,0, , , ,0,0,0
378, heb,1,0,0,0,0, גדר לבנה, , 0000-00-00 00:00:00,0,0,1213,3.5,0,0,0,0,0,0,0,0,0, , , ,0,0,0
380, heb,1,0,0,0,0, גדר סגולה, , 0000-00-00 00:00:00,0,0,1214,3.5,0,0,0,0,0,0,0,0,0, , , ,0,0,0
382, heb,1,0,0,0,0, גדר ירוקה, , 0000-00-00 00:00:00,0,0,1215,3.5,0,0,0,0,0,0,0,0,0, , , ,0,0,0
384, heb,1,0,0,0,0, גדר צהובה, , 0000-00-00 00:00:00,0,0,1210,3.5,0,0,0,0,0,0,0,0,0, , , ,0,0,0
386, heb,1,0,0,0,0, כל הצבעים מארז 10 יח', , 0000-00-00 00:00:00,0,0,1209,24.9,0,0,0,0,0,0,0,0,0, , , ,0,0,0
388, heb,1,0,0,0,0, גדר עץ מארזי צבע 10 יח' , ,2023-02-05 08:51:20,0,0,1226,24.9,0,0,0,0,0,1,0,0,0, , , normal,0,1,0
390, heb,1,0,0,0,0, גדר ורודה 10 יח, , 0000-00-00 00:00:00,0,0,1219,24.9,0,0,0,0,0,0,0,0,0, , , ,0,0,0
392, heb,1,0,0,0,0, גדר תכלת 10 יח, , 0000-00-00 00:00:00,0,0,1217,24.9,0,0,0,0,0,0,0,0,0, , , ,0,0,0
394, heb,1,0,0,0,0, גדר לבנה 10 יח, , 0000-00-00 00:00:00,0,0,1218,24.9,0,0,0,0,0,0,0,0,0, , , ,0,0,0
396, heb,1,0,0,0,0, גדר סגולה 10 יח, , 0000-00-00 00:00:00,0,0,1222,24.9,0,0,0,0,0,0,0,0,0, , , ,0,0,0
398, heb,1,0,0,0,0, גדר ירוקה 10 יח, , 0000-00-00 00:00:00,0,0,1220,24.9,0,0,0,0,0,0,0,0,0, , , ,0,0,0
400, heb,1,0,0,0,0, גדר צהובה 10 יח, , 0000-00-00 00:00:00,0,0,1221,24.9,0,0,0,0,0,0,0,0,0, , , ,0,0,0
402, heb,1,0,0,0,0, כל הצבעים מארז  10, , 0000-00-00 00:00:00,0,0,1223,24.9,0,0,0,0,0,0,0,0,0, , , ,0,0,0
406, heb,1,0,0,0,0, מארז 6 פיות לעציץ, , 0000-00-00 00:00:00,0,0,762,99,0,0,0,0,0,0,0,0,0, , , ,0,0,0
408, heb,1,0,0,0,0, פיה ורודה לעציץ, , 0000-00-00 00:00:00,0,0,751,19.9,0,0,0,0,0,0,0,0,0, , , ,0,0,0
410, heb,1,0,0,0,0, פיה טורקיז לעציץז, , 0000-00-00 00:00:00,0,0,757,19.9,0,0,0,0,0,0,0,0,0, , , ,0,0,0
412, heb,1,0,0,0,0, פיה לבנה לעציץ, , 0000-00-00 00:00:00,0,0,753,19.9,0,0,0,0,0,0,0,0,0, , , ,0,0,0
414, heb,1,0,0,0,0, פיה כתומה לעציץ, , 0000-00-00 00:00:00,0,0,755,19.9,0,0,0,0,0,0,0,0,0, , , ,0,0,0
416, heb,1,0,0,0,0, פיה סגולה לעציץ, , 0000-00-00 00:00:00,0,0,761,19.9,0,0,0,0,0,0,0,0,0, , , ,0,0,0
418, heb,1,0,0,0,0, פיה טורקיז יושבת לעציץ, , 0000-00-00 00:00:00,0,0,759,19.9,0,0,0,0,0,0,0,0,0, , , ,0,0,0
420, heb,0,0,0,0,0, פיית יער כנפי פרפר, ,2023-02-01 15:47:42,0,1,614,24.9,0,0,0,0,0,1,0,0,0, , , normal,0,1,0
422, heb,0,0,0,0,0, פיית יער ירוקה עם זר לראש, ,2023-02-01 15:47:42,0,1,616,24.9,0,0,0,0,0,1,0,0,0, , , normal,0,1,0
424, heb,0,0,0,0,0, פיית יער עם סיכת עלה, ,2023-05-15 21:26:21,0,1,613,24.9,0,0,0,0,0,1,0,0,0, , , normal,0,1,0
426, heb,0,0,0,0,0, פיית יער צהובה, ,2023-05-16 10:27:30,0,1,615,24.9,0,0,0,0,0,1,0,0,0, , , normal,0,1,0
432, heb,1,0,0,0,0, פייה קטנטונת שוכבת ורודה, ,2023-05-16 11:04:04,0,0,708,16.9,0,0,0,0,0,1,0,0,0, , , normal,0,1,0
434, heb,1,0,0,0,0, פייה קטנטונת שוכבת סגולה, ,2023-05-16 11:04:04,0,0,709,16.9,0,0,0,0,0,1,0,0,0, , , normal,0,1,0
436, heb,1,0,0,0,0, פייה קטנטונת סגולה, ,2023-05-16 11:04:04,0,0,710,16.9,0,0,0,0,0,1,0,0,0, , , normal,0,1,0
438, heb,1,0,0,0,0, פייה קטנטונת שוכבת סגלגלה, ,2023-05-16 11:04:04,0,0,711,16.9,0,0,0,0,0,1,0,0,0, , , normal,0,1,0
440, heb,1,0,0,0,0, פייה קטנטונת כחולה, ,2023-05-16 11:04:04,0,0,712,16.9,0,0,0,0,0,1,0,0,0, , , normal,0,1,0
442, heb,1,0,0,0,0, פייה קטנטונת שוכבת כחולה, ,2023-05-16 11:04:04,0,0,707,16.9,0,0,0,0,0,1,0,0,0, , , normal,0,1,0
444, heb,1,0,1,0,0, ערכת יצירה גן גמדים בקופסה, ,2023-01-06 16:42:59,0,0,2005,149,0,0,0,0,0,1,0,0,0, , , normal,0,1,0
446, heb,1,0,2,0,0, ערכת יצירה האגם הקסום, ,2023-05-19 15:25:13,0,0,2007,79,0,0,0,0,0,1,0,0,0, , , normal,0,1,0
448, heb,1,0,0,0,0, ערכת יצירה היער הקסום, ,2023-05-19 15:25:13,0,0,2008,59,0,0,0,0,0,1,0,0,0, , , normal,0,1,0
450, heb,0,0,0,0,0, ערכת יצירה גן קיפודים, ,2023-05-19 15:25:13,0,0,2009,49,0,0,0,0,0,1,0,0,0, , , normal,0,1,0
454, heb,0,0,0,0,0, ערכת יצירה גן פיות בקופסה לבנה, ,2023-01-06 16:42:59,0,0,2011,149,0,0,0,0,0,1,0,0,0, , , normal,0,1,0
458, heb,0,0,0,0,0, ערכת יצירה גן סנאים, ,2023-05-19 15:25:13,0,0,2012,49,0,0,0,0,0,1,0,0,0, , , normal,0,1,0
462, heb,1,0,0,0,0, מארז 5 ערכות מעורב סנאי וקיפוד 125 שח, , 0000-00-00 00:00:00,0,0,2014,125,0,0,0,0,0,0,0,0,0, , , ,0,0,0
464, heb,1,0,0,0,0, מארז 6 ערכות מעורב סנאי וקיפוד 150 שח, , 0000-00-00 00:00:00,0,0,2015,150,0,0,0,0,0,0,0,0,0, , , ,0,0,0
466, heb,1,0,0,0,0, מארז 7 ערכות מעורב סנאי וקיפוד 170 שח, , 0000-00-00 00:00:00,0,0,2016,170,0,0,0,0,0,0,0,0,0, , , ,0,0,0
468, heb,1,0,0,0,0, מארז 8 ערכות מעורב סנאי וקיפוד 190 שח, , 0000-00-00 00:00:00,0,0,2017,190,0,0,0,0,0,0,0,0,0, , , ,0,0,0
470, heb,1,0,0,0,0, מארז 9 ערכות מעורב סנאי וקיפוד 210 שח, , 0000-00-00 00:00:00,0,0,2018,210,0,0,0,0,0,0,0,0,0, , , ,0,0,0
472, heb,1,0,0,0,0, מארז 10 ערכות מעורב סנאי וקיפוד 230 שח, , 0000-00-00 00:00:00,0,0,2019,230,0,0,0,0,0,0,0,0,0, , , ,0,0,0
474, heb,1,0,0,0,0, מארז 5 ערכות 149 שח, , 0000-00-00 00:00:00,0,0,2020,149,0,0,0,0,0,0,0,0,0, , , ,0,0,0
476, heb,1,0,0,0,0, מארז 6 ערכות 179 שח, , 0000-00-00 00:00:00,0,0,2021,179,0,0,0,0,0,0,0,0,0, , , ,0,0,0
478, heb,1,0,0,0,0, מארז 7 ערכות 209 שח, , 0000-00-00 00:00:00,0,0,2022,209,0,0,0,0,0,0,0,0,0, , , ,0,0,0
480, heb,1,0,0,0,0, מארז 8 ערכות 239 שח, , 0000-00-00 00:00:00,0,0,2023,239,0,0,0,0,0,0,0,0,0, , , ,0,0,0
482, heb,1,0,0,0,0, מארז 9 ערכות 269 שח, , 0000-00-00 00:00:00,0,0,2024,269,0,0,0,0,0,0,0,0,0, , , ,0,0,0
484, heb,1,0,0,0,0, מארז 10 ערכות 299 שח, , 0000-00-00 00:00:00,0,0,2025,299,0,0,0,0,0,0,0,0,0, , , ,0,0,0
486, heb,0,0,0,0,0, ערכת יצירה גינה קסומה , ,2023-05-19 15:25:13,0,0,2010,69,0,0,0,0,0,1,0,0,0, , , normal,0,1,0
502, heb,1,0,0,0,0, מארז 5 ערכות 149 שח, , 0000-00-00 00:00:00,0,0,2026,149,0,0,0,0,0,0,0,0,0, , , ,0,0,0
504, heb,1,0,0,0,0, מארז 6 ערכות 179 שח, , 0000-00-00 00:00:00,0,0,2027,179,0,0,0,0,0,0,0,0,0, , , ,0,0,0
506, heb,1,0,0,0,0, מארז 7 ערכות 209 שח, , 0000-00-00 00:00:00,0,0,2028,209,0,0,0,0,0,0,0,0,0, , , ,0,0,0
508, heb,1,0,0,0,0, מארז 8 ערכות 239 שח, , 0000-00-00 00:00:00,0,0,2029,239,0,0,0,0,0,0,0,0,0, , , ,0,0,0
510, heb,1,0,0,0,0, מארז 9 ערכות 269 שח, , 0000-00-00 00:00:00,0,0,2030,269,0,0,0,0,0,0,0,0,0, , , ,0,0,0
512, heb,1,0,0,0,0, מארז 10 ערכות 299 שח, , 0000-00-00 00:00:00,0,0,2031,299,0,0,0,0,0,0,0,0,0, , , ,0,0,0
521, heb,1,0,0,0,0, גדר אדומה 10 יח, , 0000-00-00 00:00:00,0,0,1216,24.9,0,0,0,0,0,0,0,0,0, , , ,0,0,0
523, heb,1,0,0,0,0, חיפושיות אדומות 30 יחידות, ,2023-02-05 16:52:24,0,0,132,9.9,0,0,0,0,0,1,0,0,0, , , normal,0,1,0
527, heb,1,0,0,0,0, מארז 5 ערכות 239 שח, , 0000-00-00 00:00:00,0,0,2033,239,0,0,0,0,0,0,0,0,0, , , ,0,0,0
529, heb,1,0,0,0,0, מארז 6 ערכות 288 שח, , 0000-00-00 00:00:00,0,0,2034,288,0,0,0,0,0,0,0,0,0, , , ,0,0,0
531, heb,1,0,0,0,0, מארז 7 ערכות 235 שח, , 0000-00-00 00:00:00,0,0,2035,235,0,0,0,0,0,0,0,0,0, , , ,0,0,0
533, heb,1,0,0,0,0, מארז 8 ערכות 384 שח, , 0000-00-00 00:00:00,0,0,2036,384,0,0,0,0,0,0,0,0,0, , , ,0,0,0
535, heb,1,0,0,0,0, מארז 9 ערכות 429 שח, , 0000-00-00 00:00:00,0,0,2037,429,0,0,0,0,0,0,0,0,0, , , ,0,0,0
537, heb,1,0,0,0,0, מארז 10 ערכות 479 שח, , 0000-00-00 00:00:00,0,0,2038,479,0,0,0,0,0,0,0,0,0, , , ,0,0,0
557, heb,1,0,0,0,0, תיק אוצרות ורוד, ,2023-06-04 20:33:14,0,0,3001,9.9,0,0,0,0,0,1,0,0,0, , , normal,0,1,0
559, heb,1,0,0,0,0, תיק אוצרות לבן, ,2023-06-04 20:33:14,0,0,3002,9.9,0,0,0,0,0,1,0,0,0, , , normal,0,1,0
563, heb,1,0,0,0,0, מארזי תיק אוצרות ורוד 5 יח, ,2023-06-04 20:33:14,0,0,3004,45,0,0,0,0,0,1,0,0,0, , , normal,0,1,0
565, heb,1,0,0,0,0, מארז 5 תיקי אוצרות 45 שח, , 0000-00-00 00:00:00,0,0,3005,45,0,0,0,0,0,0,0,0,0, , , ,0,0,0
567, heb,1,0,0,0,0, מארז 6 תיקי אוצרות 54 שח, , 0000-00-00 00:00:00,0,0,3006,54,0,0,0,0,0,0,0,0,0, , , ,0,0,0
569, heb,1,0,0,0,0, מארז 7 תיקי אוצרות  63 שח, , 0000-00-00 00:00:00,0,0,3007,63,0,0,0,0,0,0,0,0,0, , , ,0,0,0
571, heb,1,0,0,0,0, מארז 8 תיקי אוצרות 72 שח, , 0000-00-00 00:00:00,0,0,3008,72,0,0,0,0,0,0,0,0,0, , , ,0,0,0
573, heb,1,0,0,0,0, מארז 9 תיקי אוצרות 81 שח, , 0000-00-00 00:00:00,0,0,3009,81,0,0,0,0,0,0,0,0,0, , , ,0,0,0
575, heb,1,0,0,0,0, מארז 10 תיקי אוצרות 90 שח, , 0000-00-00 00:00:00,0,0,3010,90,0,0,0,0,0,0,0,0,0, , , ,0,0,0
577, heb,1,0,0,0,0, מארז 5 תיקי אוצרות 33.90 שח, , 0000-00-00 00:00:00,0,0,3011,33.9,0,0,0,0,0,0,0,0,0, , , ,0,0,0
579, heb,1,0,0,0,0, מארז 6 תיקי אוצרות 39.90 שח, , 0000-00-00 00:00:00,0,0,3012,39.9,0,0,0,0,0,0,0,0,0, , , ,0,0,0
581, heb,1,0,0,0,0, מארז 7 תיקי אוצרות 46 שח, , 0000-00-00 00:00:00,0,0,3013,46,0,0,0,0,0,0,0,0,0, , , ,0,0,0
583, heb,1,0,0,0,0, מארז 8 תיקי אוצרות 52 שח, , 0000-00-00 00:00:00,0,0,3014,52,0,0,0,0,0,0,0,0,0, , , ,0,0,0
585, heb,1,0,0,0,0, מארז 9 תיקי אוצרות 59 שח, , 0000-00-00 00:00:00,0,0,3015,59,0,0,0,0,0,0,0,0,0, , , ,0,0,0
587, heb,1,0,0,0,0, מארז 10 תיקי אוצרות 65 שח, , 0000-00-00 00:00:00,0,0,3016,65,0,0,0,0,0,0,0,0,0, , , ,0,0,0
589, heb,0,0,0,0,0, מארז ערכות גינה קסומה להפעלת יצירה בימי הולדת, גינה קסומה בהזמנת 5 ערכות ומעלה החל מ- 59 -64 שח ליחידה במקום 69 שח ,2023-05-19 15:25:13,0,0,2011,64,0,0,0,0,0,1,0,0,0, , , normal,0,1,0
597, heb,1,0,0,0,0, 5 ערכות 64 שח ליחידה סכה 320 שח, , 0000-00-00 00:00:00,0,0,2020,320,0,0,0,0,0,0,0,0,0, , , ,0,0,0
599, heb,1,0,0,0,0, 6 ערכות 63 שח ליחידה סכה 378 שח, , 0000-00-00 00:00:00,0,0,2021,378,0,0,0,0,0,0,0,0,0, , , ,0,0,0
601, heb,1,0,0,0,0, 7 ערכות 62 שח ליחידה סכה 434 שח, , 0000-00-00 00:00:00,0,0,2022,434,0,0,0,0,0,0,0,0,0, , , ,0,0,0
603, heb,1,0,0,0,0, 8 ערכות 61 שח ליחידה סכה 488  שח, , 0000-00-00 00:00:00,0,0,2023,488,0,0,0,0,0,0,0,0,0, , , ,0,0,0
605, heb,1,0,0,0,0, 9 ערכות 60 שח ליחידה סכה 540 שח, , 0000-00-00 00:00:00,0,0,2024,540,0,0,0,0,0,0,0,0,0, , , ,0,0,0
607, heb,1,0,0,0,0, 10 ערכות 59 שח ליחידה סכה 590 שח, , 0000-00-00 00:00:00,0,0,2025,590,0,0,0,0,0,0,0,0,0, , , ,0,0,0
609, heb,0,0,0,0,0, מארז ערכות גן סנאים וקיפודים בחר כמות, ,2023-05-19 15:25:13,0,1,2013,49,0,0,0,0,0,1,0,0,0, , , normal,0,1,0
611, heb,1,0,0,0,0, מארז 5 ערכות קיפוד 175 שח, , 0000-00-00 00:00:00,0,0,2014,175,0,0,0,0,0,0,0,0,0, , , ,0,0,0
613, heb,1,0,0,0,0, מארז 6 ערכות סנאי 210 שח, , 0000-00-00 00:00:00,0,0,2015,210,0,0,0,0,0,0,0,0,0, , , ,0,0,0
615, heb,1,0,0,0,0, מארז 7 ערכות קיפוד 245 שח, , 0000-00-00 00:00:00,0,0,2016,245,0,0,0,0,0,0,0,0,0, , , ,0,0,0
617, heb,1,0,0,0,0, מארז 8 ערכות סנאי 280 שח, , 0000-00-00 00:00:00,0,0,2017,280,0,0,0,0,0,0,0,0,0, , , ,0,0,0
619, heb,1,0,0,0,0, מארז 9 ערכות קיפוד 315  שח, , 0000-00-00 00:00:00,0,0,2018,315,0,0,0,0,0,0,0,0,0, , , ,0,0,0
621, heb,1,0,0,0,0, מארז 10 ערכות מעורב קיפוד סנאי 349 שח, , 0000-00-00 00:00:00,0,0,2019,349,0,0,0,0,0,0,0,0,0, , , ,0,0,0
623, heb,1,0,0,0,0, מארז ערכות  היער הקסום  יש להיכנס לתוך המוצר ולבחור כמות, המחר יורד בהתאם לבחירת הכמות,2023-05-19 15:25:13,0,0,2008,54,0,0,0,0,0,1,0,0,0, , , normal,0,1,0
625, heb,1,0,0,0,0, 5 ערכות 54 שח ליחידה סכה 270 שח, , 0000-00-00 00:00:00,0,0,2026,370,0,0,0,0,0,0,0,0,0, , , ,0,0,0
627, heb,1,0,0,0,0, 6 ערכות 53 שח ליחידה סכה 318 שח, , 0000-00-00 00:00:00,0,0,2027,318,0,0,0,0,0,0,0,0,0, , , ,0,0,0
629, heb,1,0,0,0,0, 7 ערכות 52 שח ליחידה סכה 364 שח, , 0000-00-00 00:00:00,0,0,2028,364,0,0,0,0,0,0,0,0,0, , , ,0,0,0
631, heb,1,0,0,0,0, 8 ערכות 51 שח ליחידה סכה 408 שח, , 0000-00-00 00:00:00,0,0,2029,408,0,0,0,0,0,0,0,0,0, , , ,0,0,0
633, heb,1,0,0,0,0, 9 ערכות 50 שח ליחידה סכה 450 שח, , 0000-00-00 00:00:00,0,0,2030,450,0,0,0,0,0,0,0,0,0, , , ,0,0,0
635, heb,1,0,0,0,0, 10 ערכות 49 שח ליחידה סכה 490 שח, , 0000-00-00 00:00:00,0,0,2031,490,0,0,0,0,0,0,0,0,0, , , ,0,0,0
637, heb,1,0,0,0,0, מארז ערכות האגם הקסום  יש להיכנס לתוך המוצר ולבחור כמות, המחיר יורד בהתאם לבחירת הכמות,2023-05-19 15:25:13,0,0,2032,64,0,0,0,0,0,1,0,0,0, , , normal,0,1,0
639, heb,1,0,0,0,0, 5 ערכות 64 שח ליחידה סכה 320 שח, , 0000-00-00 00:00:00,0,0,2033,320,0,0,0,0,0,0,0,0,0, , , ,0,0,0
641, heb,1,0,0,0,0, 6 ערכות 63 שח ליחידה סכה 378 שח, , 0000-00-00 00:00:00,0,0,2034,378,0,0,0,0,0,0,0,0,0, , , ,0,0,0
643, heb,1,0,0,0,0, 7 ערכות 62 שח ליחידה סכה 434 שח, , 0000-00-00 00:00:00,0,0,2035,434,0,0,0,0,0,0,0,0,0, , , ,0,0,0
645, heb,1,0,0,0,0, 8 ערכות 61 שח ליחידה סכה 488 שח, , 0000-00-00 00:00:00,0,0,2036,488,0,0,0,0,0,0,0,0,0, , , ,0,0,0
647, heb,1,0,0,0,0, 9 ערכות 60 שח ליחידה סכה 540 שח, , 0000-00-00 00:00:00,0,0,2037,540,0,0,0,0,0,0,0,0,0, , , ,0,0,0
649, heb,1,0,0,0,0, 10 ערכות 59 שח ליחידה סכה 590 שח, , 0000-00-00 00:00:00,0,0,2038,590,0,0,0,0,0,0,0,0,0, , , ,0,0,0
651, heb,1,0,0,0,0, מארז ערכות טרריום פיית קאפקייק בחר כמות," ערכת יצירה טרריום פיית קאפקייק בהנחת כמות, החל מ 54 שח ליחידה במקום 59 שח בהזמנת 5 ערכות ומעלה. המחיר יורד בהתאם לבחירת הכמות",2023-02-26 11:18:13,0,0,2039,54,0,0,0,0,0,1,0,0,0, , , normal,0,1,0
653, heb,1,0,0,0,0, מארז ערכות  טרריום קסום   יש להיכנס לתוך המוצר ולבחור כמות, המחיר יורד בהתאם לבחירת הכמות,2023-02-26 11:18:13,0,0,2074,54,0,0,0,0,0,1,0,0,0, , , normal,0,1,0
655, heb,1,0,0,0,0, 5 ערכות 54 שח ליחידה סכה 270 שח, , 0000-00-00 00:00:00,0,0,2040,270,0,0,0,0,0,0,0,0,0, , , ,0,0,0
657, heb,1,0,0,0,0, 6 ערכות 53 שח ליחידה סכה 318שח, , 0000-00-00 00:00:00,0,0,2041,318,0,0,0,0,0,0,0,0,0, , , ,0,0,0
659, heb,1,0,0,0,0, 7 ערכות 52 שח ליחידה סכה 364שח, , 0000-00-00 00:00:00,0,0,2042,364,0,0,0,0,0,0,0,0,0, , , ,0,0,0
661, heb,1,0,0,0,0, 8 ערכות 51 שח ליחידה סכה 408שח, , 0000-00-00 00:00:00,0,0,2043,408,0,0,0,0,0,0,0,0,0, , , ,0,0,0
663, heb,1,0,0,0,0, 9 ערכות 50 שח ליחידה סכה 450 שח, , 0000-00-00 00:00:00,0,0,2044,450,0,0,0,0,0,0,0,0,0, , , ,0,0,0
665, heb,1,0,0,0,0, 10 ערכות 49 שח ליחידה סכה 490שח, , 0000-00-00 00:00:00,0,0,2045,490,0,0,0,0,0,0,0,0,0, , , ,0,0,0
667, heb,1,0,0,0,0, 5 ערכות 54 שח ליחידה סכה 270 שח, , 0000-00-00 00:00:00,0,0,2075,270,0,0,0,0,0,0,0,0,0, , , ,0,0,0
669, heb,1,0,0,0,0, 6 ערכות 53 שח ליחידה סכה 318 שח, , 0000-00-00 00:00:00,0,0,2076,318,0,0,0,0,0,0,0,0,0, , , ,0,0,0
671, heb,1,0,0,0,0, 7 ערכות 52 שח ליחידה סכה 364 שח, , 0000-00-00 00:00:00,0,0,2077,364,0,0,0,0,0,0,0,0,0, , , ,0,0,0
673, heb,1,0,0,0,0, 8 ערכות 51 שח ליחידה סכה 408 שח, , 0000-00-00 00:00:00,0,0,2078,408,0,0,0,0,0,0,0,0,0, , , ,0,0,0
675, heb,1,0,0,0,0, 9 ערכות 50 שח ליחידה סכה 450 שח, , 0000-00-00 00:00:00,0,0,2079,450,0,0,0,0,0,0,0,0,0, , , ,0,0,0
677, heb,1,0,0,0,0, 10 ערכות 49 שח ליחידה סכה 490 שח, , 0000-00-00 00:00:00,0,0,2080,490,0,0,0,0,0,0,0,0,0, , , ,0,0,0
679, heb,1,0,0,0,0, מארז ערכות טרריום פיות  יש להיכנס לתוך המוצר ולבחור כמות, המחיר יורד בהתאם לבחירת הכמות,2023-02-26 11:18:13,0,0,2046,54,0,0,0,0,0,1,0,0,0, , , normal,0,1,0
681, heb,1,0,0,0,0, 5 ערכות 54 שח ליחידה סכה 270 שח, , 0000-00-00 00:00:00,0,0,2047,270,0,0,0,0,0,0,0,0,0, , , ,0,0,0
683, heb,1,0,0,0,0, 6 ערכות 53 שח ליחידה סכה 318 שח, , 0000-00-00 00:00:00,0,0,2048,318,0,0,0,0,0,0,0,0,0, , , ,0,0,0
685, heb,1,0,0,0,0, 7 ערכות 52 שח ליחידה סכה 364 שח, , 0000-00-00 00:00:00,0,0,2049,364,0,0,0,0,0,0,0,0,0, , , ,0,0,0
687, heb,1,0,0,0,0, 8 ערכות 51 שח ליחידה סכה 408 שח, , 0000-00-00 00:00:00,0,0,2050,408,0,0,0,0,0,0,0,0,0, , , ,0,0,0
689, heb,1,0,0,0,0, 9 ערכות 50 שח ליחידה סכה 450 שח, , 0000-00-00 00:00:00,0,0,2051,450,0,0,0,0,0,0,0,0,0, , , ,0,0,0
691, heb,1,0,0,0,0, 10 ערכות 49 שח ליחידה סכה 490 שח, , 0000-00-00 00:00:00,0,0,2052,490,0,0,0,0,0,0,0,0,0, , , ,0,0,0
695, heb,1,0,0,0,0, מארזי תיק אוצרות לבן 5 יח, ,2023-06-04 20:33:14,0,0,3011,45,0,0,0,0,0,1,0,0,0, , , normal,0,1,0
697, heb,1,0,0,0,0, מארז 5 תיקי אוצרות 45 שח, , 0000-00-00 00:00:00,0,0,3011,45,0,0,0,0,0,0,0,0,0, , , ,0,0,0
699, heb,1,0,0,0,0, מארז 6 תיקי אוצרות 54 שח, , 0000-00-00 00:00:00,0,0,3012,54,0,0,0,0,0,0,0,0,0, , , ,0,0,0
701, heb,1,0,0,0,0, מארז 7 תיקי אוצרות  63 שח, , 0000-00-00 00:00:00,0,0,3013,63,0,0,0,0,0,0,0,0,0, , , ,0,0,0
703, heb,1,0,0,0,0, מארז 8 תיקי אוצרות 72 שח, , 0000-00-00 00:00:00,0,0,3014,72,0,0,0,0,0,0,0,0,0, , , ,0,0,0
705, heb,1,0,0,0,0, מארז 9 תיקי אוצרות 81 שח, , 0000-00-00 00:00:00,0,0,3015,81,0,0,0,0,0,0,0,0,0, , , ,0,0,0
707, heb,1,0,0,0,0, מארז 10 תיקי אוצרות 90 שח, , 0000-00-00 00:00:00,0,0,3016,90,0,0,0,0,0,0,0,0,0, , , ,0,0,0
715, heb,1,0,0,0,0, תיק אוצרות כחול, ,2023-06-04 20:33:14,0,0,3017,9.9,0,0,0,0,0,1,0,0,0, , , normal,0,1,0
717, heb,1,0,0,0,0, מארזי תיק אוצרות כחול 5 יח, ,2023-06-04 20:33:14,0,0,3018,45,0,0,0,0,0,1,0,0,0, , , normal,0,1,0
719, heb,1,0,0,0,0, מארז 5 תיקי אוצרות 45 שח, , 0000-00-00 00:00:00,0,0,3019,45,0,0,0,0,0,0,0,0,0, , , ,0,0,0
721, heb,1,0,0,0,0, מארז 6 תיקי אוצרות 54 שח, , 0000-00-00 00:00:00,0,0,3020,54,0,0,0,0,0,0,0,0,0, , , ,0,0,0
723, heb,1,0,0,0,0, מארז 7 תיקי אוצרות  63 שח, , 0000-00-00 00:00:00,0,0,3021,63,0,0,0,0,0,0,0,0,0, , , ,0,0,0
725, heb,1,0,0,0,0, מארז 8 תיקי אוצרות 72 שח, , 0000-00-00 00:00:00,0,0,3022,72,0,0,0,0,0,0,0,0,0, , , ,0,0,0
727, heb,1,0,0,0,0, מארז 9 תיקי אוצרות 81 שח, , 0000-00-00 00:00:00,0,0,3023,81,0,0,0,0,0,0,0,0,0, , , ,0,0,0
729, heb,1,0,0,0,0, מארז 10 תיקי אוצרות 90 שח, , 0000-00-00 00:00:00,0,0,3024,90,0,0,0,0,0,0,0,0,0, , , ,0,0,0
743, heb,1,0,0,0,0, מארז ערכות עששית יער פיות יש להיכנס למוצר ולבחור כמות,  המחיר יורד בהתאם לבחירת הכמות,2023-02-07 12:01:07,0,0,2060,54,0,0,0,0,0,1,0,0,0, , , normal,0,1,0
745, heb,1,0,0,0,0, מארז ערכות טרריום גמדים בחר כמות," ערכת יצירה טרריום גמדים בהנחת כמות, החל מ 54 שח ליחידה במקום 59 שח בהזמנת 5 ערכות ומעלה. המחיר יורד בהתאם לבחירת הכמות",2023-02-26 11:18:13,0,0,2053,54,0,0,0,0,0,1,0,0,0, , , normal,0,1,0
747, heb,1,0,0,0,0, 5 ערכות 54 שח ליחידה סכה 270 שח, , 0000-00-00 00:00:00,0,0,2061,270,0,0,0,0,0,0,0,0,0, , , ,0,0,0
749, heb,1,0,0,0,0, 6 ערכות 53 שח ליחידה סכה 318 שח, , 0000-00-00 00:00:00,0,0,2062,318,0,0,0,0,0,0,0,0,0, , , ,0,0,0
751, heb,1,0,0,0,0, 7 ערכות 52 שח ליחידה סכה 364 שח, , 0000-00-00 00:00:00,0,0,2063,364,0,0,0,0,0,0,0,0,0, , , ,0,0,0
753, heb,1,0,0,0,0, 8 ערכות 51 שח ליחידה  סכה 408 שח, , 0000-00-00 00:00:00,0,0,2064,408,0,0,0,0,0,0,0,0,0, , , ,0,0,0
755, heb,1,0,0,0,0, 9 ערכות 50 שח ליחידה סכה 450 שח, , 0000-00-00 00:00:00,0,0,2065,450,0,0,0,0,0,0,0,0,0, , , ,0,0,0
757, heb,1,0,0,0,0, 10 ערכות 49 שח ליחידה סכה 490 שח, , 0000-00-00 00:00:00,0,0,2066,490,0,0,0,0,0,0,0,0,0, , , ,0,0,0
759, heb,1,0,0,0,0, 5 ערכות 54 שח ליחידה סכה 270 שח, , 0000-00-00 00:00:00,0,0,2054,270,0,0,0,0,0,0,0,0,0, , , ,0,0,0
761, heb,1,0,0,0,0, 6 ערכות 53 שח ליחידה סכה 318 שח, , 0000-00-00 00:00:00,0,0,2055,318,0,0,0,0,0,0,0,0,0, , , ,0,0,0
763, heb,1,0,0,0,0, 7 ערכות 52 שח ליחידה סכה 364 שח, , 0000-00-00 00:00:00,0,0,2056,364,0,0,0,0,0,0,0,0,0, , , ,0,0,0
765, heb,1,0,0,0,0, 8 ערכות 51 שח ליחידה סכה 408 שח, , 0000-00-00 00:00:00,0,0,2057,408,0,0,0,0,0,0,0,0,0, , , ,0,0,0
767, heb,1,0,0,0,0, 9 ערכות 50 שח ליחידה סכה 450 שח, , 0000-00-00 00:00:00,0,0,2058,450,0,0,0,0,0,0,0,0,0, , , ,0,0,0
769, heb,1,0,0,0,0, 10 ערכות 49 שח ליחידה סכה 490 שח, , 0000-00-00 00:00:00,0,0,2059,490,0,0,0,0,0,0,0,0,0, , , ,0,0,0
771, heb,0,0,0,0,0, מארז פיות יער 16 יח, ,2023-02-01 15:47:42,0,1,600,349,0,0,0,0,0,1,0,0,0, , , normal,0,1,0
773, heb,1,0,0,0,0, מארז 6 פיות פרחים לעציץ, ,2023-02-01 15:47:42,0,0,763,113,0,0,0,0,0,1,0,0,0, , , normal,0,1,0
775, heb,1,0,0,0,2, שרביט קסם זהב, גודל מיניאטורי כ- 4 סמ,2023-01-06 16:55:47,0,0,515,2.5,0,0,0,0,0,1,0,0,0, , , normal,0,1,0
777, heb,1,0,0,0,1, מפתח קסמים זהב, ,2023-01-06 16:55:47,0,0,520,2.5,0,0,0,0,0,1,0,0,0, , , normal,0,1,0
779, heb,1,0,0,0,0, מארז ערכות עששית פיה בחר כמות," ערכת יצירה עששית פיה בהנחת כמות, החל מ 54 שח ליחידה במקום 59 שח בהזמנת 5 ערכות ומעלה. המחיר יורד בהתאם לבחירת הכמות",2023-02-07 12:01:07,0,0,2081,54,0,0,0,0,0,1,0,0,0, , , normal,0,1,0
781, heb,1,0,0,0,0, 5 ערכות 54 שח ליחידה סכה 270 שח, , 0000-00-00 00:00:00,0,0,2082,270,0,0,0,0,0,0,0,0,0, , , ,0,0,0
783, heb,1,0,0,0,0, 6 ערכות 53 שח ליחידה סכה 318 שח , , 0000-00-00 00:00:00,0,0,2083,318,0,0,0,0,0,0,0,0,0, , , ,0,0,0
785, heb,1,0,0,0,0, 7 ערכות 52 שח ליחידה סכה 364 שח, , 0000-00-00 00:00:00,0,0,2084,364,0,0,0,0,0,0,0,0,0, , , ,0,0,0
787, heb,1,0,0,0,0, 8 ערכות 51 שח ליחידה סכה 408 שח, , 0000-00-00 00:00:00,0,0,2085,408,0,0,0,0,0,0,0,0,0, , , ,0,0,0
789, heb,1,0,0,0,0, 9 ערכות 50 שח ליחידה סכה 450 שח, , 0000-00-00 00:00:00,0,0,2086,450,0,0,0,0,0,0,0,0,0, , , ,0,0,0
791, heb,1,0,0,0,0, 10 ערכות 49 שח ליחידה סכה 490 שח, , 0000-00-00 00:00:00,0,0,2087,490,0,0,0,0,0,0,0,0,0, , , ,0,0,0
799, heb,1,0,1,0,0, ערכת יצירה עששית פיה , ,2023-02-07 12:01:07,0,0,2088,59,0,0,0,0,0,1,0,0,0, , , normal,0,1,0
801, heb,1,0,0,0,0, מארז ערכות עששית דרקון יש להיכנס לתוך המוצר ולבחור כמות, המחיר יורד בהתאם לבחירת הכמות,2023-02-07 12:01:07,0,0,2089,54,0,0,0,0,0,1,0,0,0, , , normal,0,1,0
803, heb,1,0,0,0,0, 5 ערכות 54 שח ליחידה סכה 270 שח, , 0000-00-00 00:00:00,0,0,2090,270,0,0,0,0,0,0,0,0,0, , , ,0,0,0
805, heb,1,0,0,0,0, 6 ערכות 53 שח ליחידה סכה 318 שח, , 0000-00-00 00:00:00,0,0,2091,318,0,0,0,0,0,0,0,0,0, , , ,0,0,0
807, heb,1,0,0,0,0, 7 ערכות 52 שח ליחידה סכה 364 שח, , 0000-00-00 00:00:00,0,0,2092,364,0,0,0,0,0,0,0,0,0, , , ,0,0,0
809, heb,1,0,0,0,0, 8 ערכות 51 שח ליחידה סכה 408 שח, , 0000-00-00 00:00:00,0,0,2093,408,0,0,0,0,0,0,0,0,0, , , ,0,0,0
811, heb,1,0,0,0,0, 9 ערכות 50 שח ליחידה סכה 450 שח, , 0000-00-00 00:00:00,0,0,2094,450,0,0,0,0,0,0,0,0,0, , , ,0,0,0
813, heb,1,0,0,0,0, 10 ערכות 49 שח ליחידה סכה 490 שח, , 0000-00-00 00:00:00,0,0,2095,490,0,0,0,0,0,0,0,0,0, , , ,0,0,0
827, heb,1,0,11,0,0, ערכת יצירה עששית דרקון, ,2023-02-07 12:01:07,0,0,2067,59,0,0,0,0,0,1,0,0,0, , , normal,0,1,0
829, heb,1,0,0,0,0, ערכת יצירה גן קסום בעציץ, ,2023-05-19 15:25:13,0,0,2097,69,0,0,0,0,0,1,0,0,0, , , normal,0,1,0
841, heb,1,0,0,0,0, מארז ערכות גן קסום בעציץ בחר כמות," ערכת יצירה גן קסום בעציץ בהנחת כמות, החל מ 64 שח ליחידה במקום 69 שח בהזמנת 5 ערכות ומעלה. המחיר יורד בהתאם לבחירת הכמות",2023-05-19 15:25:13,0,0,2100,64,0,0,0,0,0,1,0,0,0, , , normal,0,1,0
843, heb,1,0,0,0,0, 5 ערכות 64 שח ליחידה סכה 320 שח, , 0000-00-00 00:00:00,0,0,2101,320,0,0,0,0,0,0,0,0,0, , , ,0,0,0
845, heb,1,0,0,0,0, 6 ערכות 63 שח ליחידה סכה 378 שח, , 0000-00-00 00:00:00,0,0,2102,378,0,0,0,0,0,0,0,0,0, , , ,0,0,0
847, heb,1,0,0,0,0, 7 ערכות 62 שח ליחידה סכה 434 שח, , 0000-00-00 00:00:00,0,0,2103,434,0,0,0,0,0,0,0,0,0, , , ,0,0,0
849, heb,1,0,0,0,0, 8 ערכות 61 שח ליחידה סכה 488 שח, , 0000-00-00 00:00:00,0,0,2104,488,0,0,0,0,0,0,0,0,0, , , ,0,0,0
851, heb,1,0,0,0,0, 9 ערכות 60 שח ליחידה סכה 540 שח, , 0000-00-00 00:00:00,0,0,2105,540,0,0,0,0,0,0,0,0,0, , , ,0,0,0
853, heb,1,0,0,0,0, 10 ערכות 59 שח ליחידה סכה 590 שח, , 0000-00-00 00:00:00,0,0,2106,590,0,0,0,0,0,0,0,0,0, , , ,0,0,0
861, heb,1,0,3,0,0, ערכת יצירה היער המופלא, ,2023-01-06 16:42:59,0,0,2107,149,0,0,0,0,0,1,0,0,0, , , normal,0,1,0
863, heb,1,0,0,0,0, זוג במבי מתוק מסיפורי האגדות , ,2023-07-17 18:55:20,200,0,133,8.9,0,0,0,0,0,1,0,0,0, , , normal,0,1,0
865, heb,1,0,0,0,0, ברבור לבן, ,2023-07-17 19:01:59,0,0,134,3.9,0,0,0,0,0,1,0,0,0, , , normal,0,1,0
867, heb,1,0,0,0,0, דלת קסומה מהאגדות, ,2023-07-17 19:06:58,0,0,302,5.5,0,0,0,0,0,1,0,0,0, , , normal,0,1,0
869, heb,1,0,0,0,0, דבק סיליקון חזק, ,2023-07-17 19:10:51,0,0,5000,5.9,0,0,0,0,0,1,0,0,0, , , normal,0,1,0
871, heb,1,0,0,0,0, דבק פלסטי לבן, ,2023-07-17 19:14:48,0,0,5001,2.9,0,0,0,0,0,1,0,0,0, , , normal,0,1,0
873, heb,1,0,0,0,0, מכחולים 5 יח, ,2023-07-17 19:16:42,0,0,5002,6.9,0,0,0,0,0,1,0,0,0, , , normal,0,1,0
877, heb,1,0,0,0,0, עציץ/דלי פח 1 יח במארז, ,2023-10-04 21:32:30,0,0,203,9.9,0,0,0,0,0,1,0,0,0, , , normal,0,1,0
879, heb,1,0,0,0,0, ספסל דמוי עץ 1 יח בחר צבע, ,2023-10-05 08:05:04,100,0,1305,4.9,0,0,0,0,0,1,0,0,0, , , normal,0,1,0
881, heb,1,0,0,0,0, חום בהיר 4.90 שח, , 0000-00-00 00:00:00,0,0,1306,4.9,0,0,0,0,0,0,0,0,0, , , ,0,0,0
883, heb,1,0,0,0,0, חום 4.90 שח, , 0000-00-00 00:00:00,0,0,1307,4.9,0,0,0,0,0,0,0,0,0, , , ,0,0,0
885, heb,1,0,0,0,0, חום כהה 4.90 שח, , 0000-00-00 00:00:00,0,0,1308,4.9,0,0,0,0,0,0,0,0,0, , , ,0,0,0
887, heb,1,0,0,0,0, שלישיית ספסלים 12 שח, , 0000-00-00 00:00:00,0,0,1305,4.9,0,0,0,0,0,0,0,0,0, , , ,0,0,0
889, heb,1,0,0,0,0, ספסל דמוי עץ מארז 10 יחידות, ,2023-10-05 08:05:04,0,0,1309,35,0,0,0,0,0,1,0,0,0, , , normal,0,1,0
899, heb,1,0,0,0,0, ספסל לבן מיניאטורי 1 יח, ,2023-10-05 08:36:24,300,0,1301,3.5,0,0,0,0,0,1,0,0,0, , , normal,0,1,0
901, heb,1,0,0,0,0, ספסל עם לב 3.5 שח, , 0000-00-00 00:00:00,0,0,1301,3.5,0,0,0,0,0,0,0,0,0, , , ,0,0,0
903, heb,1,0,0,0,0, ספסל כפרי 3.5 שח, , 0000-00-00 00:00:00,0,0,1302,3.5,0,0,0,0,0,0,0,0,0, , , ,0,0,0
905, heb,1,0,0,0,0, זוג ספסלים לבנים 5.9 שח, , 0000-00-00 00:00:00,0,0,1310,5.9,0,0,0,0,0,0,0,0,0, , , ,0,0,0
907, heb,1,0,0,0,0, מארז 10 יחידות ספסל לבן, ,2023-10-05 08:36:24,0,0,1311,25,0,0,0,0,0,1,0,0,0, , , normal,0,1,0
909, heb,1,0,0,0,0, 10 יח ספסל עם לב , , 0000-00-00 00:00:00,0,0,1312,25,0,0,0,0,0,0,0,0,0, , , ,0,0,0
911, heb,1,0,0,0,0, 10 יח ספסל כפרי, , 0000-00-00 00:00:00,0,0,1313,25,0,0,0,0,0,0,0,0,0, , , ,0,0,0
913, heb,1,0,0,0,0, 10 יח ספסל לב וכפרי מעורב, , 0000-00-00 00:00:00,0,0,1311,25,0,0,0,0,0,0,0,0,0, , , ,0,0,0
918, heb,1,0,0,0,0, חד קרן קסום, ,2023-10-05 10:02:05,0,1,153,6.9,0,0,0,0,0,1,0,0,0, , , normal,0,1,0
920, heb,1,0,0,0,0, סוסי פרא 1 יח בחר צבע, ,2023-10-05 10:17:18,30,0,142,5.9,0,0,0,0,0,1,0,0,0, , , normal,0,1,0
922, heb,1,0,0,0,0, מארז 10 יחידות חד קרן קסום , חסר במלאי,2023-10-05 10:02:05,0,1,152,59.9,0,0,0,0,0,1,0,0,0, , , normal,0,1,0
924, heb,1,0,0,0,0, סוס חום, , 0000-00-00 00:00:00,0,0,143,5.9,0,0,0,0,0,0,0,0,0, , , ,0,0,0
926, heb,1,0,0,0,0, סוס שחור, , 0000-00-00 00:00:00,0,0,144,5.9,0,0,0,0,0,0,0,0,0, , , ,0,0,0
928, heb,1,0,0,0,0, סוס לבן כסוף, , 0000-00-00 00:00:00,0,0,145,5.9,0,0,0,0,0,0,0,0,0, , , ,0,0,0
930, heb,1,0,0,0,0, סוס לבן זהוב, , 0000-00-00 00:00:00,0,0,146,5.9,0,0,0,0,0,0,0,0,0, , , ,0,0,0
932, heb,1,0,0,0,0, זוג סוסים  מיניאטורים, ,2023-10-05 10:42:09,25,0,147,5.9,0,0,0,0,0,1,0,0,0, , , normal,0,1,0
934, heb,1,0,0,0,0, מארז סוסי פרא מיניאטורי 10 יחידות, ,2023-10-05 10:42:09,0,0,148,27.9,0,0,0,0,0,1,0,0,0, , , normal,0,1,0
936, heb,1,0,0,0,0, זוג ברבורים לבן ושחור, ,2023-10-05 11:03:06,0,0,159,5.9,0,0,0,0,0,1,0,0,0, , , normal,0,1,0
938, heb,1,0,0,0,0, זוג ברבורים גדול, , 0000-00-00 00:00:00,0,0,149,8.9,0,0,0,0,0,0,0,0,0, , , ,0,0,0
940, heb,1,0,0,0,0, זוג ברבורים בינוני, , 0000-00-00 00:00:00,0,0,150,8.9,0,0,0,0,0,0,0,0,0, , , ,0,0,0
942, heb,1,0,0,0,0, זוג ברבורים קטן, , 0000-00-00 00:00:00,0,0,151,7.9,0,0,0,0,0,0,0,0,0, , , ,0,0,0
944, heb,1,0,0,0,0, מארז פיות קאפקייק 24 יח, ,2023-10-05 11:27:12,0,0,764,29.9,0,0,0,0,0,1,0,0,0, , , normal,0,1,0
946, heb,1,0,0,0,0," משטח עגול ליצירה קוטר 20 ס""מ", ,2023-10-05 11:35:24,0,0,204,6.5,0,0,0,0,0,1,0,0,0, , , normal,0,1,0
948, heb,1,0,0,0,0, זוג ארנבונים לבנים, ,2023-10-05 12:02:28,0,0,156,6.9,0,0,0,0,0,1,0,0,0, , , normal,0,1,0
950, heb,1,0,0,0,0, שלט לגן שני צבעים, , 0000-00-00 00:00:00,0,0,1231,2.5,0,0,0,0,0,0,0,0,0, , , ,0,0,0
952, heb,1,0,0,0,0, שלט לגן ירוק, , 0000-00-00 00:00:00,0,0,1230,2.5,0,0,0,0,0,0,0,0,0, , , ,0,0,0
954, heb,1,0,0,0,0, גדר אדומה, , 0000-00-00 00:00:00,0,0,1225,3.5,0,0,0,0,0,0,0,0,0, , , ,0,0,0
956, heb,1,0,0,0,0, גדר כחולה, , 0000-00-00 00:00:00,0,0,1232,3.5,0,0,0,0,0,0,0,0,0, , , ,0,0,0
958, heb,1,0,0,0,0, גדר כתומה, , 0000-00-00 00:00:00,0,0,1233,3.5,0,0,0,0,0,0,0,0,0, , , ,0,0,0
960, heb,1,0,0,0,0, גדר חומה, , 0000-00-00 00:00:00,0,0,1234,3.5,0,0,0,0,0,0,0,0,0, , , ,0,0,0
962, heb,1,0,0,0,0, מארז 10 יח' שלט מעץ לגן , ,2023-02-05 09:27:11,0,0,1209,22.9,0,0,0,0,0,1,0,0,0, , , normal,0,1,0
964, heb,1,0,0,0,0, מארז 10 יח שלט אדום, , 0000-00-00 00:00:00,0,0,1235,22.9,0,0,0,0,0,0,0,0,0, , , ,0,0,0
966, heb,1,0,0,0,0, מארז 10 יח שלט ורוד, , 0000-00-00 00:00:00,0,0,1236,22.9,0,0,0,0,0,0,0,0,0, , , ,0,0,0
968, heb,1,0,0,0,0, מארז 10 יח שלט תכלת, , 0000-00-00 00:00:00,0,0,1237,22.9,0,0,0,0,0,0,0,0,0, , , ,0,0,0
970, heb,1,0,0,0,0, מארז 10 יח שלט  כחול, , 0000-00-00 00:00:00,0,0,1238,22.9,0,0,0,0,0,0,0,0,0, , , ,0,0,0
972, heb,1,0,0,0,0, מארז 10 יח שלט סגול, , 0000-00-00 00:00:00,0,0,1239,22.9,0,0,0,0,0,0,0,0,0, , , ,0,0,0
974, heb,1,0,0,0,0, מארז 10 יח שלט לבן, , 0000-00-00 00:00:00,0,0,1240,22.9,0,0,0,0,0,0,0,0,0, , , ,0,0,0
976, heb,1,0,0,0,0, מארז 10 יח שלט צהוב, , 0000-00-00 00:00:00,0,0,1241,22.9,0,0,0,0,0,0,0,0,0, , , ,0,0,0
978, heb,1,0,0,0,0, מארז 10 יח שלט כתום, , 0000-00-00 00:00:00,0,0,1242,22.9,0,0,0,0,0,0,0,0,0, , , ,0,0,0
980, heb,1,0,0,0,0, מארז 10 יח שלט  חום, , 0000-00-00 00:00:00,0,0,1243,22.9,0,0,0,0,0,0,0,0,0, , , ,0,0,0
982, heb,1,0,0,0,0, מארז 10 יח שלט שני צבעים, , 0000-00-00 00:00:00,0,0,1244,22.9,0,0,0,0,0,0,0,0,0, , , ,0,0,0
984, heb,1,0,0,0,0, מארז 10 יח שלט  ירוק, , 0000-00-00 00:00:00,0,0,1245,22.9,0,0,0,0,0,0,0,0,0, , , ,0,0,0
997, heb,1,0,0,0,0, מארז 10 יח מעורב, , 0000-00-00 00:00:00,0,0,1246,22.9,0,0,0,0,0,0,0,0,0, , , ,0,0,0
999, heb,1,0,0,0,0, זוג קיפודים מתוקים, ,2023-10-06 16:00:58,0,0,157,7.9,0,0,0,0,0,1,0,0,0, , , normal,0,1,0
1001, heb,1,0,0,0,0, מארז 5 יח' קיפודים מתוקים, ,2023-10-06 16:00:58,0,0,158,18.9,0,0,0,0,0,1,0,0,0, , , normal,0,1,0
1003, heb,1,0,0,0,0, זוג סנאים מתוקים, ,2023-10-06 16:31:33,150,0,135,7.9,0,0,0,0,0,1,0,0,0, , , normal,0,1,0
1005, heb,1,0,0,0,0, מארז 5 יח' סנאים מתוקים , ,2023-10-06 16:31:33,0,0,138,18.9,0,0,0,0,0,1,0,0,0, , , normal,0,1,0
1007, heb,1,0,0,0,0, 3 יחידות סנאי יערות כתום, ,2023-10-06 16:41:21,100,0,136,10.9,0,0,0,0,0,1,0,0,0, , , normal,0,1,0
1009, heb,1,0,0,0,0, זוג תרנגול ותרנגולת, ,2023-10-06 16:47:26,100,0,140,11.9,0,0,0,0,0,1,0,0,0, , , normal,0,1,0
1011, heb,1,0,0,0,0, נסיכות מעולם האגדות 1 יח בחר צבע, ,2023-10-06 16:53:54,0,0,1108,6.9,0,0,0,0,0,1,0,0,0, , , normal,0,1,0
1013, heb,1,0,0,0,0, נסיכה צהובה, , 0000-00-00 00:00:00,0,0,1109,6.9,0,0,0,0,0,0,0,0,0, , , ,0,0,0
1015, heb,1,0,0,0,0, נסיכה ורודה, , 0000-00-00 00:00:00,0,0,1110,6.9,0,0,0,0,0,0,0,0,0, , , ,0,0,0
1017, heb,1,0,0,0,0, נסיכה תכלת, , 0000-00-00 00:00:00,0,0,1111,6.9,0,0,0,0,0,0,0,0,0, , , ,0,0,0
1019, heb,1,0,0,0,0, נסיכה בורוד סגלגל, , 0000-00-00 00:00:00,0,0,1112,6.9,0,0,0,0,0,0,0,0,0, , , ,0,0,0
1021, heb,1,0,0,0,0, נסיכה בטורקיז, , 0000-00-00 00:00:00,0,0,1113,6.9,0,0,0,0,0,0,0,0,0, , , ,0,0,0
1023, heb,1,0,0,0,0, נסיכה בורוד בהיר, , 0000-00-00 00:00:00,0,0,1114,6.9,0,0,0,0,0,0,0,0,0, , , ,0,0,0
1025, heb,1,0,0,0,0, פיית יער  1 יח בחר צבע, ,2023-10-06 17:20:48,0,0,1115,7.9,0,0,0,0,0,1,0,0,0, , , normal,0,1,0
1027, heb,1,0,0,0,0, פיה ורודה, , 0000-00-00 00:00:00,0,0,1116,7.9,0,0,0,0,0,0,0,0,0, , , ,0,0,0
1029, heb,1,0,0,0,0, פיה כחולה, , 0000-00-00 00:00:00,0,0,1117,7.9,0,0,0,0,0,0,0,0,0, , , ,0,0,0
1031, heb,1,0,0,0,0, פיה צהובה, , 0000-00-00 00:00:00,0,0,1118,7.9,0,0,0,0,0,0,0,0,0, , , ,0,0,0
1033, heb,1,0,0,0,0, פיה חומה, , 0000-00-00 00:00:00,0,0,1119,7.9,0,0,0,0,0,0,0,0,0, , , ,0,0,0
1035, heb,1,0,0,0,0, מארז 6 נסיכות מעולם האגדות , ,2023-10-06 16:53:54,0,0,1121,39.9,0,0,0,0,0,1,0,0,0, , , normal,0,1,0
1049, heb,1,0,0,0,0, מארז 4 פיות יער, ,2023-10-06 17:20:48,0,0,1120,28.9,0,0,0,0,0,1,0,0,0, , , normal,0,1,0
1059, heb,1,0,0,0,0, 1 יח בקבוק אבק פיות להגשמת משאלות בחר צבע, ,2023-10-06 17:34:48,0,0,3025,5.9,0,0,0,0,0,1,0,0,0, , , normal,0,1,0
1061, heb,1,0,0,0,0, אבק פיות ורוד, , 0000-00-00 00:00:00,0,0,3026,5.9,0,0,0,0,0,0,0,0,0, , , ,0,0,0
1063, heb,1,0,0,0,0, אבק פיות תכלת, , 0000-00-00 00:00:00,0,0,3027,5.9,0,0,0,0,0,0,0,0,0, , , ,0,0,0
1065, heb,1,0,0,0,0, אבק פיות סגול, , 0000-00-00 00:00:00,0,0,3028,5.9,0,0,0,0,0,0,0,0,0, , , ,0,0,0
1067, heb,1,0,0,0,0, שרביט קסם קטנה, , 0000-00-00 00:00:00,0,0,3029,2.5,0,0,0,0,0,0,0,0,0, , , ,0,0,0
1069, heb,1,0,0,0,0, שרביט קסם כסופה, , 0000-00-00 00:00:00,0,0,3030,2.5,0,0,0,0,0,0,0,0,0, , , ,0,0,0
1071, heb,1,0,0,0,0, שרביט קסם זהובה, , 0000-00-00 00:00:00,0,0,3031,2.5,0,0,0,0,0,0,0,0,0, , , ,0,0,0
1073, heb,1,0,0,0,0, שרביט קסם ברונזה, , 0000-00-00 00:00:00,0,0,3032,2.5,0,0,0,0,0,0,0,0,0, , , ,0,0,0
1075, heb,1,0,0,0,0, 1 יח בקבוק אבקת קסם להגשמת משאלות בחר צבע, ,2023-10-06 17:34:48,0,0,3041,5.9,0,0,0,0,0,1,0,0,0, , , normal,0,1,0
1077, heb,1,0,0,0,0, אבקת קסם ורוד, , 0000-00-00 00:00:00,0,0,3042,5.9,0,0,0,0,0,0,0,0,0, , , ,0,0,0
1079, heb,1,0,0,0,0, אבקת קסם תכלת, , 0000-00-00 00:00:00,0,0,3043,5.9,0,0,0,0,0,0,0,0,0, , , ,0,0,0
1081, heb,1,0,0,0,0, אבקת קסם סגול, , 0000-00-00 00:00:00,0,0,3044,5.9,0,0,0,0,0,0,0,0,0, , , ,0,0,0
1098, heb,1,0,0,0,0, אבקת קסם ירוקה, , 0000-00-00 00:00:00,0,0,3045,5.9,0,0,0,0,0,0,0,0,0, , , ,0,0,0
1100, heb,1,0,0,0,0, אבקת קסם כתומה, , 0000-00-00 00:00:00,0,0,3046,5.9,0,0,0,0,0,0,0,0,0, , , ,0,0,0
1102, heb,1,0,0,0,0, שרביט קסם כסופה, , 0000-00-00 00:00:00,0,0,3030,2.5,0,0,0,0,0,0,0,0,0, , , ,0,0,0
1104, heb,1,0,0,0,0, שרביט קסם זהובה, , 0000-00-00 00:00:00,0,0,3031,2.5,0,0,0,0,0,0,0,0,0, , , ,0,0,0
1106, heb,1,0,0,0,0, שרביט קסם ברונזה, , 0000-00-00 00:00:00,0,0,3032,2.5,0,0,0,0,0,0,0,0,0, , , ,0,0,0
1108, heb,1,0,0,0,0, שרביט קסם קטנה, , 0000-00-00 00:00:00,0,0,3029,2.5,0,0,0,0,0,0,0,0,0, , , ,0,0,0
1110, heb,1,0,0,0,0, שלישיית בקבוקוני קסם קטנטנים, גודל מיניאטורי כ- 1.5 סמ,2023-10-08 16:57:15,0,0,3047,7.9,0,0,0,0,0,1,0,0,0, , , normal,0,1,0
1112, heb,1,0,0,0,0, מארז בקבוקוני קסם קטנטנים 10 יח', ,2023-10-08 16:57:15,0,0,3048,19.9,0,0,0,0,0,1,0,0,0, , , normal,0,1,0
1114, heb,1,0,0,0,0, בקבוקון אוצרות קסומים, ,2023-10-08 17:06:22,0,0,3049,5.9,0,0,0,0,0,1,0,0,0, , , normal,0,1,0
1120, heb,1,0,0,0,0, בקבוקון עם אבני חן בלבד, , 0000-00-00 00:00:00,0,0,3052,7.9,0,0,0,0,0,0,0,0,0, , , ,0,0,0
1122, heb,1,0,0,0,0, בקבוקון עם שרביט  ומפתח וקצת נצנצים, , 0000-00-00 00:00:00,0,0,3053,5.9,0,0,0,0,0,0,0,0,0, , , ,0,0,0
1124, heb,1,0,0,0,0, משטח עץ ליצירה קוטר 15 סמ, ,2023-10-05 11:35:24,0,0,205,4.9,0,0,0,0,0,1,0,0,0, , , normal,0,1,0
1126, heb,1,0,0,0,0, מארז 10 יח' משטח ליצירה קוטר 20 סמ, ,2023-10-05 11:35:24,0,1,206,55.9,0,0,0,0,0,1,0,0,0, , , normal,0,1,0
1128, heb,1,0,0,0,0, מארז 10 יח' משטח ליצירה קוטר 15 סמ, ,2023-10-05 11:35:24,0,0,207,49.9,0,0,0,0,0,1,0,0,0, , , normal,0,1,0
1130, heb,1,0,0,0,1, בקבוקוני קסם בצורות מארז 4 יח', גודל מיניאטורי כ- 2.5 סמ,2023-11-08 08:06:22,0,0,3054,14.9,0,0,0,0,0,1,0,0,0, , , normal,0,1,0
1132, heb,1,0,0,0,0, גדר טבעי, , 0000-00-00 00:00:00,0,0,1235,3.5,0,0,0,0,0,0,0,0,0, , , ,0,0,0
1134, heb,1,0,0,0,0, תוכים מארז 8 יח, ,2023-12-03 08:41:25,0,0,137,15.9,0,0,0,0,0,1,0,0,0, , , normal,0,1,0
1136, heb,1,0,0,0,0, בית פטריות גדול, ,2023-02-26 10:59:22,0,0,1504,8.9,0,0,0,0,0,1,0,0,0, , , normal,0,1,0
1138, heb,1,0,0,0,0, שולחן וכיסאות גן פרחוני, ,2023-12-03 09:02:23,0,0,1303,9.9,0,0,0,0,0,1,0,0,0, , , normal,0,1,0
1140, heb,1,0,0,0,0, שולחן וכיסאות גן חום כהה, ,2023-12-03 09:02:23,0,0,1304,9.9,0,0,0,0,0,1,0,0,0, , , normal,0,1,0
1142, heb,1,0,0,0,0, ארמון נסיכות ורוד לבבות, ,2023-12-03 09:15:00,0,0,1505,9.9,0,0,0,0,0,1,0,0,0, , , normal,0,1,0
1144, heb,1,0,0,0,0, ארמון נסיכות ורוד קצפת, ,2023-12-03 09:15:00,0,0,1506,9.9,0,0,0,0,0,1,0,0,0, , , normal,0,1,0
1146, heb,1,0,0,0,0, ארמון נסיכות סגול מנצנץ, ,2023-12-03 09:15:00,0,0,1507,9.9,0,0,0,0,0,1,0,0,0, , , normal,0,1,0
1148, heb,1,0,0,0,0, ארמון נסיכות ורוד עננים, ,2023-12-03 09:15:00,0,0,1508,9.9,0,0,0,0,0,1,0,0,0, , , normal,0,1,0
1150, heb,0,0,0,0,0, פיית יער כחולה ורודה, ,2023-05-16 10:27:30,0,0,601,24.9,0,0,0,0,0,1,0,0,0, , , normal,0,1,0
1152, heb,1,0,0,0,0, מלונה קסומה, ,2023-12-31 17:25:52,0,0,1512,4.9,0,0,0,0,0,1,0,0,0, , , normal,0,1,0
1154, heb,1,0,0,0,0, בית לחיות בחר צבע, ,2023-12-31 17:37:47,0,0,1524,4.9,0,0,0,0,0,1,0,0,0, , , normal,0,1,0
1156, heb,1,0,0,0,0, קוטג' צבעוני בחר צבע, ,2023-12-31 17:50:03,0,0,1515,4.9,0,0,0,0,0,1,0,0,0, , , normal,0,1,0
1158, heb,1,0,0,0,0, בית לארנב מספר 1, , 0000-00-00 00:00:00,0,0,1509,4.9,0,0,0,0,0,0,0,0,0, , , ,0,0,0
1160, heb,1,0,0,0,0, בית לדובי מספר 2, , 0000-00-00 00:00:00,0,0,1510,4.9,0,0,0,0,0,0,0,0,0, , , ,0,0,0
1162, heb,1,0,0,0,0, בית לכלבלב מספר 3, , 0000-00-00 00:00:00,0,0,1511,4.9,0,0,0,0,0,0,0,0,0, , , ,0,0,0
1164, heb,1,0,0,0,0, שלישיית בתים לחיות, , 0000-00-00 00:00:00,0,0,1525,13.9,0,0,0,0,0,0,0,0,0, , , ,0,0,0
1166, heb,1,0,0,0,0, קוטג' ורוד מספר 3, , 0000-00-00 00:00:00,0,0,1526,4.9,0,0,0,0,0,0,0,0,0, , , ,0,0,0
1168, heb,1,0,0,0,0, קוטג' כחול מספר 4, , 0000-00-00 00:00:00,0,0,1527,4.9,0,0,0,0,0,0,0,0,0, , , ,0,0,0
1170, heb,1,0,0,0,0, קוטג' צהוב מספר 2, , 0000-00-00 00:00:00,0,0,1528,4.9,0,0,0,0,0,0,0,0,0, , , ,0,0,0
1172, heb,1,0,0,0,0, קוטג' צהוב בהיר מספר 1, , 0000-00-00 00:00:00,0,0,1529,4.9,0,0,0,0,0,0,0,0,0, , , ,0,0,0
1174, heb,1,0,0,0,0, רביעיית בתי קוטג', , 0000-00-00 00:00:00,0,0,1530,18.9,0,0,0,0,0,0,0,0,0, , , ,0,0,0
1176, heb,1,0,0,0,0, מארז מלונה קסומה 5 יח, ,2023-12-31 17:25:52,0,0,1531,19.9,0,0,0,0,0,1,0,0,0, , , normal,0,1,0
1178, heb,1,0,0,0,0, מארז בית לחיות 3 יח, ,2023-12-31 17:37:47,0,0,1532,13.9,0,0,0,0,0,1,0,0,0, , , normal,0,1,0
1188, heb,1,0,0,0,0, מארז קוטג' צבעוני 4 יח, ,2023-12-31 17:50:03,0,0,1533,18.9,0,0,0,0,0,1,0,0,0, , , normal,0,1,0
1200, heb,1,0,0,0,0," בית קסום מהאגדות 4*7 ס""מ בחר דוגמא", ,2024-01-01 17:03:28,0,0,1520,10.9,0,0,0,0,0,1,0,0,0, , , normal,0,1,0
1202, heb,1,0,0,0,0," בית קסום מהאגדות 5*6 ס""מ בחר דוגמא", ,2024-01-01 17:03:28,0,0,1521,7.9,0,0,0,0,0,1,0,0,0, , , normal,0,1,0
1204, heb,1,0,0,0,0, בת ים קסומה בחר צבע, ,2024-01-01 17:28:49,0,0,1126,8.9,0,0,0,0,0,1,0,0,0, , , normal,0,1,0
1206, heb,1,0,0,0,0, בת ים טורקיז, , 0000-00-00 00:00:00,0,0,1128,8.9,0,0,0,0,0,0,0,0,0, , , ,0,0,0
1208, heb,1,0,0,0,0, בת ים תכלת, , 0000-00-00 00:00:00,0,0,1129,8.9,0,0,0,0,0,0,0,0,0, , , ,0,0,0
1210, heb,1,0,0,0,0, בת ים ורודה, , 0000-00-00 00:00:00,0,0,1127,8.9,0,0,0,0,0,0,0,0,0, , , ,0,0,0
1212, heb,1,0,0,0,0, בת ים סגולה, , 0000-00-00 00:00:00,0,0,1130,8.9,0,0,0,0,0,0,0,0,0, , , ,0,0,0
1214, heb,1,0,0,0,0, 4 בנות ים, , 0000-00-00 00:00:00,0,0,1140,29.9,0,0,0,0,0,0,0,0,0, , , ,0,0,0
1216, heb,1,0,0,0,0, שלישיית חיות קסומות , ,2024-01-01 17:45:29,0,0,184,21.9,0,0,0,0,0,1,0,0,0, , , normal,0,1,0
1218, heb,1,0,0,0,0, חיות קסומות פנדה, , 0000-00-00 00:00:00,0,0,186,8.5,0,0,0,0,0,0,0,0,0, , , ,0,0,0
1220, heb,1,0,0,0,0, חיות קסומות חתול, , 0000-00-00 00:00:00,0,0,185,8.5,0,0,0,0,0,0,0,0,0, , , ,0,0,0
1222, heb,1,0,0,0,0, חיות קסומות ארנב, , 0000-00-00 00:00:00,0,0,187,8.5,0,0,0,0,0,0,0,0,0, , , ,0,0,0
1224, heb,1,0,0,0,0, שלישיית חיות קסומות, , 0000-00-00 00:00:00,0,0,190,21.9,0,0,0,0,0,0,0,0,0, , , ,0,0,0
1228, heb,1,0,0,0,0, חיות קסומות איילה ורודה, ,2024-01-01 17:45:29,0,0,188,8.5,0,0,0,0,0,1,0,0,0, , , normal,0,1,0
1238, heb,1,0,1,0,0, ערכת יצירה בת הים הקסומה, ,2024-01-03 11:43:59,0,0,2108,79,0,0,0,0,0,1,0,0,0, , , normal,0,1,0
1240, heb,1,0,0,0,0, ערכת יצירה אגם הברבורים, ,2024-01-03 12:35:16,0,0,2116,69,0,0,0,0,0,1,0,0,0, , , normal,0,1,0
1242, heb,1,0,0,0,0, ערכת יצירה הנסיכה הקסומה, ,2024-01-03 12:44:31,0,0,2124,69,0,0,0,0,0,1,0,0,0, , , normal,0,1,0
1244, heb,1,0,0,0,0, ערכת יצירה חד קרן, ,2024-01-03 12:53:31,0,1,2132,69,0,0,0,0,0,1,0,0,0, , , normal,0,1,0
1246, heb,1,0,0,0,0, ערכת יצירה פיקניק חיות היער, ,2024-01-04 07:51:00,0,0,2140,69,0,0,0,0,0,1,0,0,0, , , normal,0,1,0
1248, heb,1,0,0,0,0, ערכת יצירה עמק הסוסים, ,2024-01-04 08:06:59,0,0,2148,59,0,0,0,0,0,1,0,0,0, , , normal,0,1,0
1250, heb,1,0,0,0,0, בית קסום מספר 1, , 0000-00-00 00:00:00,0,0,1539,7.9,0,0,0,0,0,0,0,0,0, , , ,0,0,0
1252, heb,1,0,0,0,0, בית קסום מספר 2, , 0000-00-00 00:00:00,0,0,1540,7.9,0,0,0,0,0,0,0,0,0, , , ,0,0,0
1254, heb,1,0,0,0,0, בית קסום מספר 3, , 0000-00-00 00:00:00,0,0,1541,7.9,0,0,0,0,0,0,0,0,0, , , ,0,0,0
1256, heb,1,0,0,0,0, בית קסום מספר 4, , 0000-00-00 00:00:00,0,0,1542,7.9,0,0,0,0,0,0,0,0,0, , , ,0,0,0
1258, heb,1,0,0,0,0, רביעית בתים קסומים, , 0000-00-00 00:00:00,0,0,1543,29.9,0,0,0,0,0,0,0,0,0, , , ,0,0,0
1260, heb,1,0,0,0,0, בית קסום מספר 1, , 0000-00-00 00:00:00,0,0,1534,10.9,0,0,0,0,0,0,0,0,0, , , ,0,0,0
1262, heb,1,0,0,0,0, בית קסום מספר 2, , 0000-00-00 00:00:00,0,0,1535,10.9,0,0,0,0,0,0,0,0,0, , , ,0,0,0
1264, heb,1,0,0,0,0, בית קסום מספר 3, , 0000-00-00 00:00:00,0,0,1536,10.9,0,0,0,0,0,0,0,0,0, , , ,0,0,0
1266, heb,1,0,0,0,0, בית קסום מספר 4, , 0000-00-00 00:00:00,0,0,1537,10.9,0,0,0,0,0,0,0,0,0, , , ,0,0,0
1268, heb,1,0,0,0,0, רביעיית בתים קסומים, , 0000-00-00 00:00:00,0,0,1538,39.9,0,0,0,0,0,0,0,0,0, , , ,0,0,0
1270, heb,1,0,0,0,0, מארז ערכות  בת הים הקסומה  יש להיכנס לתוך המוצר ולבחור כמות, המחיר יורד בהתאם לכמות,2024-01-03 11:43:59,0,0,2109,64,0,0,0,0,0,1,0,0,0, , , normal,0,1,0
1272, heb,1,0,0,0,0, 5 ערכות 64 שח ליחידה סכה 320 שח, , 0000-00-00 00:00:00,0,0,2110,320,0,0,0,0,0,0,0,0,0, , , ,0,0,0
1274, heb,1,0,0,0,0, 6 ערכות 63 שח ליחידה סכה 378 שח, , 0000-00-00 00:00:00,0,0,2111,378,0,0,0,0,0,0,0,0,0, , , ,0,0,0
1276, heb,1,0,0,0,0, 7 ערכות 62 שח ליחידה סכה 434 שח, , 0000-00-00 00:00:00,0,0,2112,434,0,0,0,0,0,0,0,0,0, , , ,0,0,0
1278, heb,1,0,0,0,0, 8 ערכות 61 שח ליחידה סכה 488  שח, , 0000-00-00 00:00:00,0,0,2113,488,0,0,0,0,0,0,0,0,0, , , ,0,0,0
1280, heb,1,0,0,0,0, 9 ערכות 60 שח ליחידה סכה 540 שח, , 0000-00-00 00:00:00,0,0,2114,540,0,0,0,0,0,0,0,0,0, , , ,0,0,0
1282, heb,1,0,0,0,0, 10 ערכות 59 שח ליחידה סכה 599 שח, , 0000-00-00 00:00:00,0,0,2115,599,0,0,0,0,0,0,0,0,0, , , ,0,0,0
1296, heb,1,0,0,0,0, מארז ערכות הנסיכה הקסומה  יש להיכנס לתוך המוצר ולבחור כמות, המחר יורד בהתאם לבחירת הכמות,2024-01-03 12:44:31,0,0,2125,64,0,0,0,0,0,1,0,0,0, , , normal,0,1,0
1298, heb,1,0,0,0,0, 5 ערכות 64 שח ליחידה סכה 320 שח, , 0000-00-00 00:00:00,0,0,2126,320,0,0,0,0,0,0,0,0,0, , , ,0,0,0
1300, heb,1,0,0,0,0, 6 ערכות  63 שח ליחידה סכה 378 שח, , 0000-00-00 00:00:00,0,0,2127,378,0,0,0,0,0,0,0,0,0, , , ,0,0,0
1302, heb,1,0,0,0,0, 7 ערכות 62 שח ליחידה סכה 434 שח, , 0000-00-00 00:00:00,0,0,2128,434,0,0,0,0,0,0,0,0,0, , , ,0,0,0
1304, heb,1,0,0,0,0, 8 ערכות 61 שח ליחידה סכה 488 שח, , 0000-00-00 00:00:00,0,0,2129,488,0,0,0,0,0,0,0,0,0, , , ,0,0,0
1306, heb,1,0,0,0,0, 9 ערכות 60 שח ליחידה סכה 540 שח, , 0000-00-00 00:00:00,0,0,2130,540,0,0,0,0,0,0,0,0,0, , , ,0,0,0
1308, heb,1,0,0,0,0, 10 ערכות 59 שח ליחידה סכה 590 שח, , 0000-00-00 00:00:00,0,0,2131,590,0,0,0,0,0,0,0,0,0, , , ,0,0,0
1310, heb,1,0,0,0,0, מארז ערכות יצירה חד קרן  יש להיכנס לתוך המוצר ולבחור כמות, המחיר יורד בהתאם לבחירת הכמות,2024-01-03 12:53:31,0,1,2133,64,0,0,0,0,0,1,0,0,0, , , normal,0,1,0
1312, heb,1,0,0,0,0, 5 ערכות 64 שח ליחידה סכה 320 שח, , 0000-00-00 00:00:00,0,0,2134,320,0,0,0,0,0,0,0,0,0, , , ,0,0,0
1314, heb,1,0,0,0,0, 6 ערכות 63 שח ליחידה סכה 378 שח, , 0000-00-00 00:00:00,0,0,2135,378,0,0,0,0,0,0,0,0,0, , , ,0,0,0
1316, heb,1,0,0,0,0, 7 ערכות 62 שח ליחידה סכה 434 שח, , 0000-00-00 00:00:00,0,0,2136,434,0,0,0,0,0,0,0,0,0, , , ,0,0,0
1318, heb,1,0,0,0,0,  8 ערכות 61 שח ליחידה סכה 488 שח, , 0000-00-00 00:00:00,0,0,2137,488,0,0,0,0,0,0,0,0,0, , , ,0,0,0
1320, heb,1,0,0,0,0, 9 ערכות 60 שח ליחידה סכה 540 שח, , 0000-00-00 00:00:00,0,0,2138,540,0,0,0,0,0,0,0,0,0, , , ,0,0,0
1322, heb,1,0,0,0,0, 10 ערכות 59 שח ליחידה סכה 590  שח, , 0000-00-00 00:00:00,0,0,2139,590,0,0,0,0,0,0,0,0,0, , , ,0,0,0
1330, heb,1,0,0,0,0, ביצי קלקר בשלל צבעים 6 יח במארז, ,2023-02-05 09:36:34,0,0,117,5.9,0,0,0,0,0,1,0,0,0, , , normal,0,1,0
1332, heb,0,0,0,0,0, ביצים ורודות, , 0000-00-00 00:00:00,0,0,117,3.9,0,0,0,0,0,0,0,0,0, , , ,0,0,0
1334, heb,0,0,0,0,0, ביצים סגולות, , 0000-00-00 00:00:00,0,0,118,3.9,0,0,0,0,0,0,0,0,0, , , ,0,0,0
1336, heb,0,0,0,0,0, ביצים לבנות, , 0000-00-00 00:00:00,0,0,119,3.9,0,0,0,0,0,0,0,0,0, , , ,0,0,0
1338, heb,0,0,0,0,0, ביצים תכלת, , 0000-00-00 00:00:00,0,0,120,3.9,0,0,0,0,0,0,0,0,0, , , ,0,0,0
1340, heb,0,0,0,0,0, ביצים כתום חום, , 0000-00-00 00:00:00,0,0,121,3.9,0,0,0,0,0,0,0,0,0, , , ,0,0,0
1342, heb,0,0,0,0,0, ביצים ירוקות, , 0000-00-00 00:00:00,0,0,122,3.9,0,0,0,0,0,0,0,0,0, , , ,0,0,0
1344, heb,0,0,0,0,0, ביצים צהובות, , 0000-00-00 00:00:00,0,0,123,3.9,0,0,0,0,0,0,0,0,0, , , ,0,0,0
1353, heb,1,0,0,0,0, גמד ובידו זר פרחים, ,2023-02-01 16:44:45,71,0,1104,9.9,0,0,0,0,0,1,0,0,0, , , normal,0,1,0
1355, heb,1,0,0,0,0, גדר כחולה 10 יח, , 0000-00-00 00:00:00,0,0, ,24.9,0,0,0,0,0,0,0,0,0, , , ,0,0,0
1357, heb,1,0,0,0,0, גדר חומה 10 יח, , 0000-00-00 00:00:00,0,0, ,24.9,0,0,0,0,0,0,0,0,0, , , ,0,0,0
1359, heb,1,0,0,0,0, גדר טבעית 10 יח, , 0000-00-00 00:00:00,0,0, ,24.9,0,0,0,0,0,0,0,0,0, , , ,0,0,0
1361, heb,1,0,0,0,0, חד קרן ורוד, , 0000-00-00 00:00:00,0,0,154,6.9,0,0,0,0,0,0,0,0,0, , , ,0,0,0
1363, heb,1,0,0,0,0, חד קרן ורוד עם כנפים, , 0000-00-00 00:00:00,0,0,155,6.9,0,0,0,0,0,0,0,0,0, , , ,0,0,0
1365, heb,1,0,0,0,0, חד קרן סגול, , 0000-00-00 00:00:00,0,0,160,6.9,0,0,0,0,0,0,0,0,0, , , ,0,0,0
1367, heb,1,0,0,0,0, חד קרן סגול עם כנפים, , 0000-00-00 00:00:00,0,0,161,6.9,0,0,0,0,0,0,0,0,0, , , ,0,0,0
1369, heb,1,0,0,0,0, רביעיית חד קרן, , 0000-00-00 00:00:00,0,0,153,24,0,0,0,0,0,0,0,0,0, , , ,0,0,0
1371, heb,1,0,0,0,0, סלסלת קש לבנה לפירות פרחים ופטריות מניאטורי, גודל מיניאטורי כ- 4 סמ ידית כ3 סמ,2023-02-22 07:54:22,0,0,1428,7.9,0,0,0,0,0,1,0,0,0, , , normal,0,1,0
1373, heb,1,0,0,0,0, שרביט קסמים קטנה כסופה, ,2023-01-06 16:55:47,0,0,3029,2.5,0,0,0,0,0,1,0,0,0, , , normal,0,1,0
1381, heb,1,0,0,0,0, מארז שרביט קסמים 10 יח, גודל מיניאטורי כ- 3 סמ,2023-01-06 16:55:47,0,0,3068,17.9,0,0,0,0,0,1,0,0,0, , , normal,0,1,0
1386, heb,1,0,0,0,0, פירות אדר ירוקים  מיניאטורי, ,2023-02-22 07:52:02,0,0,1006,5.9,0,0,0,0,0,1,0,0,0, , , normal,0,1,0
1388, heb,1,0,0,0,0, פירות אדר ירוקים מקולפים  מיניאטורי, ,2023-02-22 07:52:02,0,0,1007,5.9,0,0,0,0,0,1,0,0,0, , , normal,0,1,0
1390, heb,1,0,0,0,0, פירות אדר כתומים  מיניאטורי, ,2023-02-22 07:52:02,0,0,1008,5.9,0,0,0,0,0,1,0,0,0, , , normal,0,1,0
1394, heb,1,0,0,0,0, פירות אדר כתומים מקולפים  מיניאטורי, ,2023-02-22 07:52:02,0,0,1009,5.9,0,0,0,0,0,1,0,0,0, , , normal,0,1,0
1396, heb,1,0,0,0,0, פירות יער פטל  מיניאטורי, ,2023-02-22 07:42:42,0,0,1010,5.9,0,0,0,0,0,1,0,0,0, , , normal,0,1,0
1398, heb,1,0,0,0,0, פירות יער ענבים  מיניאטורי, ,2023-02-22 07:42:42,0,0,1011,5.9,0,0,0,0,0,1,0,0,0, , , normal,0,1,0
1400, heb,1,0,0,0,0," 4 ספרונים קסומים בסגנון רטרו מיניאטורים כ 2 ס""מ"," אביזרים לבית בובות, מיניאטורות לבית בובות, יצירה מיניאטורית",2023-04-21 10:03:58,0,0,803,9.9,0,0,0,0,0,1,0,0,0, , , normal,0,1,0
1402, heb,1,0,0,0,0," 4 ספרונים קסומים בסגנון וינטז' כ 2 ס""מ"," אביזרים לבית בובות, מיניאטורות לבית בובות, יצירה מיניאטורית",2023-04-21 10:03:58,0,0,804,9.9,0,0,0,0,0,1,0,0,0, , , normal,0,1,0
1408, heb,1,0,0,0,0, אבנים צבעוניות 250 גרם, ,2023-02-05 16:46:16,0,0,5042,5.9,0,0,0,0,0,1,0,0,0, , , normal,0,1,0
1410, heb,1,0,0,0,0, מארז ערכות אגם הברבורים להפעלת יצירה בימי הולדת," ערכת יצירה אגם הברבורים בהנחת כמות, 64-59 שח ליחידה במקום 69 שח בהזמנת 5 ערכות ומעלה. המחיר יורד בהתאם לבחירת הכמות",2024-01-03 12:35:16,0,0,2117,64,0,0,0,0,0,1,0,0,0, , , normal,0,1,0
1412, heb,1,0,0,0,0, מארז ערכות פיקניק חיות היער  יש להיכנס לתוך המוצר ולבחור כמות, המחיר יורד בהתאם לבחירת הכמות,2024-01-04 07:51:00,0,0,2141,64,0,0,0,0,0,1,0,0,0, , , normal,0,1,0
1414, heb,1,0,0,0,0, מארז ערכות עמק הסוסים  יש להיכנס לתוך המוצר ולבחור כמות, המחיר יורד בהתאם לכמות,2024-01-04 08:06:59,0,0,2149,54,0,0,0,0,0,1,0,0,0, , , normal,0,1,0
1416, heb,1,0,0,0,0, 5 ערכות 54 שח ליחידה סכה  270 שח, , 0000-00-00 00:00:00,0,0,2150,270,0,0,0,0,0,0,0,0,0, , , ,0,0,0
1418, heb,1,0,0,0,0, 6 ערכות 53 שח ליחידה סכה  318 שח, , 0000-00-00 00:00:00,0,0,2151,318,0,0,0,0,0,0,0,0,0, , , ,0,0,0
1420, heb,1,0,0,0,0, 7 ערכות 52 שח ליחידה סכה  364 שח, , 0000-00-00 00:00:00,0,0,2152,364,0,0,0,0,0,0,0,0,0, , , ,0,0,0
1422, heb,1,0,0,0,0, 8 ערכות 51 שח ליחידה סכה  408 שח, , 0000-00-00 00:00:00,0,0,2153,408,0,0,0,0,0,0,0,0,0, , , ,0,0,0
1424, heb,1,0,0,0,0, 9 ערכות 50 שח ליחידה סכה 450 שח, , 0000-00-00 00:00:00,0,0,2154,450,0,0,0,0,0,0,0,0,0, , , ,0,0,0
1426, heb,1,0,0,0,0, 10 ערכות 49 שח ליחידה סכה 490 שח , , 0000-00-00 00:00:00,0,0,2155,490,0,0,0,0,0,0,0,0,0, , , ,0,0,0
1428, heb,1,0,0,0,0, 5 ערכות 64 שח ליחידה סכה 320 שח, , 0000-00-00 00:00:00,0,0,2142,320,0,0,0,0,0,0,0,0,0, , , ,0,0,0
1430, heb,1,0,0,0,0, 6 ערכות 63 שח ליחידה סכה 378 שח, , 0000-00-00 00:00:00,0,0,2143,378,0,0,0,0,0,0,0,0,0, , , ,0,0,0
1432, heb,1,0,0,0,0, 7 ערכות 62 שח ליחידה סכה 434 שח, , 0000-00-00 00:00:00,0,0,2144,434,0,0,0,0,0,0,0,0,0, , , ,0,0,0
1434, heb,1,0,0,0,0, 8 ערכות 61 שח ליחידה סכה 488 שח, , 0000-00-00 00:00:00,0,0,2145,488,0,0,0,0,0,0,0,0,0, , , ,0,0,0
1436, heb,1,0,0,0,0, 9 ערכות 60 שח ליחידה סכה 540 שח, , 0000-00-00 00:00:00,0,0,2146,540,0,0,0,0,0,0,0,0,0, , , ,0,0,0
1438, heb,1,0,0,0,0, 10 ערכות 59 שח ליחידה סכה 590שח, , 0000-00-00 00:00:00,0,0,2147,590,0,0,0,0,0,0,0,0,0, , , ,0,0,0
1440, heb,1,0,0,0,0, 5 ערכות 64 שח ליחידה סכה 320 שח, , 0000-00-00 00:00:00,0,0,2118,320,0,0,0,0,0,0,0,0,0, , , ,0,0,0
1442, heb,1,0,0,0,0, 6 ערכות 63 שח ליחידה סכה 378 שח, , 0000-00-00 00:00:00,0,0,2119,378,0,0,0,0,0,0,0,0,0, , , ,0,0,0
1444, heb,1,0,0,0,0, 7 ערכות 62 שח ליחידה סכה 434 שח, , 0000-00-00 00:00:00,0,0,2110,434,0,0,0,0,0,0,0,0,0, , , ,0,0,0
1446, heb,1,0,0,0,0, 8 ערכות 61 שח ליחידה סכה 488 שח, , 0000-00-00 00:00:00,0,0,2111,488,0,0,0,0,0,0,0,0,0, , , ,0,0,0
1448, heb,1,0,0,0,0, 9 ערכות 60 שח ליחידה סכה 540 שח, , 0000-00-00 00:00:00,0,0,2112,540,0,0,0,0,0,0,0,0,0, , , ,0,0,0
1450, heb,1,0,0,0,0, 10 ערכות 59 שח ליחידה סכה 590 שח, , 0000-00-00 00:00:00,0,0,2113,590,0,0,0,0,0,0,0,0,0, , , ,0,0,0
1452, heb,1,0,0,0,0," מארז 3 ערכות יצירה בקופסה היער המופלא, גן פיות, גן גמדים", מארז שלישיית ערכות יצירה  במחיר מיוחד  אין כפל מבצעים,2023-01-06 16:42:59,0,0,2156,399,0,0,0,0,0,1,0,0,0, , , normal,0,1,0
1458, heb,1,0,0,0,0, צמחיה ירוקה אורן 3 יח, ,2024-02-18 15:54:26,0,0,1436,4.9,0,0,0,0,0,1,0,0,0, , , normal,0,1,0
1460, heb,1,0,0,0,0, צמחיה ירוקה אורן 10 יח, ,2024-02-18 15:54:26,0,0,1452,9.9,0,0,0,0,0,1,0,0,0, , , normal,0,1,0
1462, heb,1,0,0,0,0, צמחיה ירוקה אשוח 3 יח, ,2024-02-18 15:54:26,0,0,1445,4.9,0,0,0,0,0,1,0,0,0, , , normal,0,1,0
1464, heb,1,0,0,0,0, בקבוק אבק פיות ורוד להגשמת משאלות , ,2023-10-06 17:34:48,0,0,3026,5.9,0,0,0,0,0,1,0,0,0, , , normal,0,1,0
1466, heb,1,0,0,0,0, אבק פיות ורוד, , 0000-00-00 00:00:00,0,0,3026,5.9,0,0,0,0,0,0,0,0,0, , , ,0,0,0
1468, heb,1,0,0,0,0, אבק פיות תכלת, , 0000-00-00 00:00:00,0,0,3027,5.9,0,0,0,0,0,0,0,0,0, , , ,0,0,0
1470, heb,1,0,0,0,0, אבק פיות סגול, , 0000-00-00 00:00:00,0,0,3028,5.9,0,0,0,0,0,0,0,0,0, , , ,0,0,0
1472, heb,1,0,0,0,0, שרביט קסם קטנה, , 0000-00-00 00:00:00,0,0,3029,2,0,0,0,0,0,0,0,0,0, , , ,0,0,0
1474, heb,1,0,0,0,0, שרביט קסם כסופה, , 0000-00-00 00:00:00,0,0,3030,2.5,0,0,0,0,0,0,0,0,0, , , ,0,0,0
1476, heb,1,0,0,0,0, שרביט קסם זהובה, , 0000-00-00 00:00:00,0,0,3031,2.5,0,0,0,0,0,0,0,0,0, , , ,0,0,0
1478, heb,1,0,0,0,0, שרביט קסם ברונזה, , 0000-00-00 00:00:00,0,0,3032,2.5,0,0,0,0,0,0,0,0,0, , , ,0,0,0
1480, heb,1,0,0,0,0, בקבוק אבק פיות תכלת להגשמת משאלות , ,2023-10-06 17:34:48,0,0,3027,5.9,0,0,0,0,0,1,0,0,0, , , normal,0,1,0
1482, heb,1,0,0,0,0, אבק פיות ורוד, , 0000-00-00 00:00:00,0,0,3026,5.9,0,0,0,0,0,0,0,0,0, , , ,0,0,0
1484, heb,1,0,0,0,0, אבק פיות תכלת, , 0000-00-00 00:00:00,0,0,3027,5.9,0,0,0,0,0,0,0,0,0, , , ,0,0,0
1486, heb,1,0,0,0,0, אבק פיות סגול, , 0000-00-00 00:00:00,0,0,3028,5.9,0,0,0,0,0,0,0,0,0, , , ,0,0,0
1488, heb,1,0,0,0,0, שרביט קסם קטנה, , 0000-00-00 00:00:00,0,0,3029,2,0,0,0,0,0,0,0,0,0, , , ,0,0,0
1490, heb,1,0,0,0,0, שרביט קסם כסופה, , 0000-00-00 00:00:00,0,0,3030,2.5,0,0,0,0,0,0,0,0,0, , , ,0,0,0
1492, heb,1,0,0,0,0, שרביט קסם זהובה, , 0000-00-00 00:00:00,0,0,3031,2.5,0,0,0,0,0,0,0,0,0, , , ,0,0,0
1494, heb,1,0,0,0,0, שרביט קסם ברונזה, , 0000-00-00 00:00:00,0,0,3032,2.5,0,0,0,0,0,0,0,0,0, , , ,0,0,0
1496, heb,1,0,0,0,0, בקבוק אבק פיות סגול להגשמת משאלות , ,2023-10-06 17:34:48,0,0,3028,5.9,0,0,0,0,0,1,0,0,0, , , normal,0,1,0
1498, heb,1,0,0,0,0, אבק פיות ורוד, , 0000-00-00 00:00:00,0,0,3026,5.9,0,0,0,0,0,0,0,0,0, , , ,0,0,0
1500, heb,1,0,0,0,0, אבק פיות תכלת, , 0000-00-00 00:00:00,0,0,3027,5.9,0,0,0,0,0,0,0,0,0, , , ,0,0,0
1502, heb,1,0,0,0,0, אבק פיות סגול, , 0000-00-00 00:00:00,0,0,3028,5.9,0,0,0,0,0,0,0,0,0, , , ,0,0,0
1504, heb,1,0,0,0,0, שרביט קסם קטנה, , 0000-00-00 00:00:00,0,0,3029,2,0,0,0,0,0,0,0,0,0, , , ,0,0,0
1506, heb,1,0,0,0,0, שרביט קסם כסופה, , 0000-00-00 00:00:00,0,0,3030,2.5,0,0,0,0,0,0,0,0,0, , , ,0,0,0
1508, heb,1,0,0,0,0, שרביט קסם זהובה, , 0000-00-00 00:00:00,0,0,3031,2.5,0,0,0,0,0,0,0,0,0, , , ,0,0,0
1510, heb,1,0,0,0,0, שרביט קסם ברונזה, , 0000-00-00 00:00:00,0,0,3032,2.5,0,0,0,0,0,0,0,0,0, , , ,0,0,0
1512, heb,1,0,0,0,0, פעמונים מיניאטורים מארז 10 יח," לקישוט ויצירה מעולם האגדות, דלת קסמים, דלת פיות, דלת גמדים",2024-02-20 20:00:42,100,0,3000,8.9,0,0,0,0,0,1,0,0,0, , , normal,0,1,0
1514, heb,1,0,0,0,0, מפתח קסום מיניאטורי 3 יח, ,2023-01-06 16:55:47,0,0,3059,4.9,0,0,0,0,0,1,0,0,0, , , normal,0,1,0
1522, heb,1,0,0,0,0, מארז 10 יח ספר משאלות ומפתח קסמים מיניאטורים ," מחברת מיניאטורית, ספר משאלות, אביזרים לבית בובות, מיניאטורות לבית בובות",2024-02-20 20:30:11,40,0,3069,39.9,0,0,0,0,0,1,0,0,0, , , normal,0,1,0
1524, heb,1,0,0,0,0, מארז 3 יח ספר משאלות ומפתח קסמים מיניאטורים , מחברת מיניאטורית ספר משאלות אוצרות קסומים אביזרים לבית בובות,2024-02-20 20:30:11,40,0,3068,13.9,0,0,0,0,0,1,0,0,0, , , normal,0,1,0
1526, heb,1,0,0,0,0, מארז 7 גמדים, ,2023-02-01 16:44:45,71,0,1108,65.9,0,0,0,0,0,1,0,0,0, , , normal,0,1,0
1528, heb,1,0,0,0,0, מארז 4 יח בת ים קסומה, ,2024-01-01 17:28:49,0,0,1140,29.9,0,0,0,0,0,1,0,0,0, , , normal,0,1,0
1530, heb,1,0,0,0,0, בת ים טורקיז, , 0000-00-00 00:00:00,0,0,1128,8.9,0,0,0,0,0,0,0,0,0, , , ,0,0,0
1532, heb,1,0,0,0,0, בת ים תכלת, , 0000-00-00 00:00:00,0,0,1129,8.9,0,0,0,0,0,0,0,0,0, , , ,0,0,0
1534, heb,1,0,0,0,0, בת ים ורודה, , 0000-00-00 00:00:00,0,0,1127,8.9,0,0,0,0,0,0,0,0,0, , , ,0,0,0
1536, heb,1,0,0,0,0, בת ים סגולה, , 0000-00-00 00:00:00,0,0,1130,8.9,0,0,0,0,0,0,0,0,0, , , ,0,0,0
1538, heb,1,0,0,0,0, 4 בנות ים, , 0000-00-00 00:00:00,0,0,1140,29.9,0,0,0,0,0,0,0,0,0, , , ,0,0,0
1540, heb,1,0,0,0,0, מפתח קסמים מיניאטורי 3 יח, ,2023-01-06 16:55:47,0,0,3068,4.9,0,0,0,0,0,1,0,0,0, , , normal,0,1,0
1545, heb,0,0,0,0,4, מפתח קסם מיניאטורי 3 יח גוון זהב כסף וברונזה, ,2023-01-06 16:55:47,0,0,3069,4.9,0,0,0,0,0,1,0,0,0, , , normal,0,1,0
1552, heb,1,0,0,0,0, עששית פיה, , 0000-00-00 00:00:00,0,0, ,0,0,0,0,0,0,0,0,0,0, , , ,0,0,0
1554, heb,1,0,0,0,0, אותה ערכה עם צללית בת ים, , 0000-00-00 00:00:00,0,0, ,0,0,0,0,0,0,0,0,0,0, , , ,0,0,0
26, heb,0,0,0,0,0, , , 0000-00-00 00:00:00,0,1, ,0,0,0,0,0,0,0,0,0,0, , , ,0,0,0
10, heb,0,0,0,0,0, , , 0000-00-00 00:00:00,0,1, ,0,0,0,0,0,0,0,0,0,0, , , ,0,0,0
1151, heb,0,0,0,0,0, , , 0000-00-00 00:00:00,0,1, ,0,0,0,0,0,0,0,0,0,0, , , ,0,0,0
232, heb,0,0,0,0,0, , , 0000-00-00 00:00:00,0,1, ,0,0,0,0,0,0,0,0,0,0, , , ,0,0,0
202, heb,0,0,0,0,0, , , 0000-00-00 00:00:00,0,1, ,0,0,0,0,0,0,0,0,0,0, , , ,0,0,0
238, heb,0,0,0,0,0, , , 0000-00-00 00:00:00,0,1, ,0,0,0,0,0,0,0,0,0,0, , , ,0,0,0
246, heb,0,0,0,0,0, , , 0000-00-00 00:00:00,0,1, ,0,0,0,0,0,0,0,0,0,0, , , ,0,0,0
772, heb,0,0,0,0,0, , , 0000-00-00 00:00:00,0,1, ,0,0,0,0,0,0,0,0,0,0, , , ,0,0,0
423, heb,0,0,0,0,0, , , 0000-00-00 00:00:00,0,1, ,0,0,0,0,0,0,0,0,0,0, , , ,0,0,0
421, heb,0,0,0,0,0, , , 0000-00-00 00:00:00,0,1, ,0,0,0,0,0,0,0,0,0,0, , , ,0,0,0
24, heb,0,0,0,0,0, , , 0000-00-00 00:00:00,0,1, ,0,0,0,0,0,0,0,0,0,0, , , ,0,0,0
610, heb,0,0,0,0,0, , , 0000-00-00 00:00:00,0,1, ,0,0,0,0,0,0,0,0,0,0, , , ,0,0,0
459, heb,0,0,0,0,0, , , 0000-00-00 00:00:00,0,1, ,0,0,0,0,0,0,0,0,0,0, , , ,0,0,0
451, heb,0,0,0,0,0, , , 0000-00-00 00:00:00,0,1, ,0,0,0,0,0,0,0,0,0,0, , , ,0,0,0
1584, heb,1,0,0,0,0, דלת קסמים עם לב, ,2023-07-17 19:06:58,0,0,306,5.5,0,0,0,0,0,1,0,0,0, , , normal,0,1,0
1586, heb,1,0,0,0,0, דלת קסמים עם חלון, ,2023-07-17 19:06:58,0,0,307,5.5,0,0,0,0,0,1,0,0,0, , , normal,0,1,0
1588, heb,1,0,0,0,0, דלת קסמים עם לב מארז 10 יח, ,2023-04-21 13:14:10,0,0,308,39.9,0,0,0,0,0,1,0,0,0, , , normal,0,1,0
1590, heb,0,0,0,0,0, דלת קסמים עם חלון מארז 10 ח, ,2023-04-21 13:14:10,0,1,309,39.9,0,0,0,0,0,1,0,0,0, , , normal,0,1,0
1592, heb,1,0,0,0,0, ערכת יצירה דלת קסמים לעולמות מופלאים, ,2023-04-21 13:14:10,0,0,310,19.9,0,0,0,0,0,1,0,0,0, , , normal,0,1,0
1598, heb,1,0,0,0,0, מארז 5 ערכות יצירה דלת קסמים, ,2023-04-21 13:14:10,0,0,311,89,0,0,0,0,0,1,0,0,0, , , normal,0,1,0
1600, heb,1,0,0,0,0, דלת קסמים 1 יח' ללא אביזרים, , 0000-00-00 00:00:00,0,0,300,5.5,0,0,0,0,0,0,0,0,0, , , ,0,0,0
1602, heb,1,0,0,0,0, דלת קסמים מארז 10 יח' ללא אביזרים, , 0000-00-00 00:00:00,0,0,301,39.9,0,0,0,0,0,0,0,0,0, , , ,0,0,0
1608, heb,1,0,0,0,0, דלת סגולה+ אביזרים, , 0000-00-00 00:00:00,0,0,312,19.9,0,0,0,0,0,0,0,0,0, , , ,0,0,0
1610, heb,1,0,0,0,0, מארז 10 יח דלתות צבעוני+ אביזרים, , 0000-00-00 00:00:00,0,0,313,169.9,0,0,0,0,0,0,0,0,0, , , ,0,0,0
1612, heb,1,0,0,0,0, דלת ורודה + אביזרים, , 0000-00-00 00:00:00,0,0,314,19.9,0,0,0,0,0,0,0,0,0, , , ,0,0,0
1614, heb,1,0,0,0,0, דלת לבנה + אביזרים, , 0000-00-00 00:00:00,0,0,315,19.9,0,0,0,0,0,0,0,0,0, , , ,0,0,0
1618, heb,1,0,0,0,0, מארז 5 דלתות צבעוני+ אביזרים, , 0000-00-00 00:00:00,0,0,313,89,0,0,0,0,0,0,0,0,0, , , ,0,0,0
1622, heb,1,0,0,0,0, תיק אוצרות קטיפה לבן , ,2023-06-04 20:33:14,0,0,3070,11.9,0,0,0,0,0,1,0,0,0, , , normal,0,1,0
1624, heb,1,0,0,0,0, אוצרות קטיפה לבן, , 0000-00-00 00:00:00,0,0,3070,11.9,0,0,0,0,0,0,0,0,0, , , ,0,0,0
1626, heb,1,0,0,0,0, אוצרות קטיפה ורוד, , 0000-00-00 00:00:00,0,0,3071,11.9,0,0,0,0,0,0,0,0,0, , , ,0,0,0
1628, heb,1,0,0,0,0, אוצרות קטיפה סגול, , 0000-00-00 00:00:00,0,0,3072,11.9,0,0,0,0,0,0,0,0,0, , , ,0,0,0
1630, heb,1,0,0,0,0, אוצרות קטיפה תכלת, , 0000-00-00 00:00:00,0,0,3073,11.9,0,0,0,0,0,0,0,0,0, , , ,0,0,0
1634, heb,1,0,0,0,0, תיק אוצרות קטיפה סגול, ,2023-06-04 20:33:14,0,0,3072,11.9,0,0,0,0,0,1,0,0,0, , , normal,0,1,0
1636, heb,1,0,0,0,0, אוצרות קטיפה לבן, , 0000-00-00 00:00:00,0,0,3070,11.9,0,0,0,0,0,0,0,0,0, , , ,0,0,0
1638, heb,1,0,0,0,0, אוצרות קטיפה ורוד, , 0000-00-00 00:00:00,0,0,3071,11.9,0,0,0,0,0,0,0,0,0, , , ,0,0,0
1640, heb,1,0,0,0,0, אוצרות קטיפה סגול, , 0000-00-00 00:00:00,0,0,3072,11.9,0,0,0,0,0,0,0,0,0, , , ,0,0,0
1642, heb,1,0,0,0,0, אוצרות קטיפה תכלת, , 0000-00-00 00:00:00,0,0,3073,11.9,0,0,0,0,0,0,0,0,0, , , ,0,0,0
1648, heb,1,0,0,0,0, פרי אדר מקולף מיניאטורי, ,2023-02-22 07:52:02,0,0,1012,5.9,0,0,0,0,0,1,0,0,0, , , normal,0,1,0
1650, heb,1,0,0,0,0, קומקום וספלים מוזהבים מינאטורי," פיקניק מעולם האגדות, אליס בארץ הפלאות, אביזרים לבית בובות, מיניאטורות לבית בובות, יצירה מיניאטורית  ",2023-04-21 12:14:51,0,0,528,7.9,0,0,0,0,0,1,0,0,0, , , normal,0,1,0
1652, heb,1,0,0,0,0, שרביט קסמים קטנה ברונזה, גודל מיניאטורי כ- 2.2 סמ,2023-01-06 16:55:47,0,0,3074,2.5,0,0,0,0,0,1,0,0,0, , , normal,0,1,0
1657, heb,1,0,0,0,0, מארז שרביט קסמים 10 יח ברונזה, גודל מיניאטורי כ- 2.2 סמ,2023-01-06 16:55:47,0,0,3075,17.9,0,0,0,0,0,1,0,0,0, , , normal,0,1,0
1662, heb,1,0,0,0,1, מפתח קסמים ומנעול, גודל מיניאטורי כ- 2 סמ,2023-01-06 16:55:47,0,0,529,3.9,0,0,0,0,0,1,0,0,0, , , normal,0,1,0
1664, heb,1,0,0,0,0, מארז כפית קסמים קטנה 5 יח, גודל מיניאטורי כ- 2.5 סמ,2023-01-06 16:55:47,0,0,530,7.9,0,0,0,0,0,1,0,0,0, , , normal,0,1,0
1669, heb,1,0,0,0,0, מארז כפית קסמים כסופה 5 יח, גודל מיניאטורי כ- 2.5 סמ,2023-01-06 16:55:47,0,0,531,7.9,0,0,0,0,0,1,0,0,0, , , normal,0,1,0
1674, heb,1,0,0,0,0, מארז תיק אוצרות קטיפה סגול 5 יח, ,2023-06-04 20:33:14,0,0,3077,49.9,0,0,0,0,0,1,0,0,0, , , normal,0,1,0
1676, heb,1,0,0,0,0, אוצרות קטיפה לבן, , 0000-00-00 00:00:00,0,0,3070,11.9,0,0,0,0,0,0,0,0,0, , , ,0,0,0
1678, heb,1,0,0,0,0, אוצרות קטיפה ורוד, , 0000-00-00 00:00:00,0,0,3071,11.9,0,0,0,0,0,0,0,0,0, , , ,0,0,0
1680, heb,1,0,0,0,0, אוצרות קטיפה סגול, , 0000-00-00 00:00:00,0,0,3072,11.9,0,0,0,0,0,0,0,0,0, , , ,0,0,0
1682, heb,1,0,0,0,0, אוצרות קטיפה תכלת, , 0000-00-00 00:00:00,0,0,3073,11.9,0,0,0,0,0,0,0,0,0, , , ,0,0,0
1688, heb,1,0,0,0,0, מארז תיק אוצרות קטיפה לבן  5 יח, ,2023-06-04 20:33:14,0,0,3076,49.9,0,0,0,0,0,1,0,0,0, , , normal,0,1,0
1690, heb,1,0,0,0,0, אוצרות קטיפה לבן, , 0000-00-00 00:00:00,0,0,3070,11.9,0,0,0,0,0,0,0,0,0, , , ,0,0,0
1692, heb,1,0,0,0,0, אוצרות קטיפה ורוד, , 0000-00-00 00:00:00,0,0,3071,11.9,0,0,0,0,0,0,0,0,0, , , ,0,0,0
1694, heb,1,0,0,0,0, אוצרות קטיפה סגול, , 0000-00-00 00:00:00,0,0,3072,11.9,0,0,0,0,0,0,0,0,0, , , ,0,0,0
1696, heb,1,0,0,0,0, אוצרות קטיפה תכלת, , 0000-00-00 00:00:00,0,0,3073,11.9,0,0,0,0,0,0,0,0,0, , , ,0,0,0